Source:,"EM-DAT, CRED / UCLouvain, Brussels, Belgium",,,,,,,,,,,,,,,,,,,,,,,,,,,,,,,,,,,,,,,,,,,,,,,,
,www.emdat.be,,,,,,,,,,,,,,,,,,,,,,,,,,,,,,,,,,,,,,,,,,,,,,,,
Version:,2023-08-07,,,,,,,,,,,,,,,,,,,,,,,,,,,,,,,,,,,,,,,,,,,,,,,,
File creation:,"Mon, 07 Aug 2023 22:07:57 CEST",,,,,,,,,,,,,,,,,,,,,,,,,,,,,,,,,,,,,,,,,,,,,,,,
Table type:,Custom request,,,,,,,,,,,,,,,,,,,,,,,,,,,,,,,,,,,,,,,,,,,,,,,,
# of records:,230,,,,,,,,,,,,,,,,,,,,,,,,,,,,,,,,,,,,,,,,,,,,,,,,
Dis No,Year,Seq,Glide,Disaster Group,Disaster Subgroup,Disaster Type,Disaster Subtype,Disaster Subsubtype,Event Name,Country,ISO,Region,Continent,Location,Origin,Associated Dis,Associated Dis2,OFDA Response,Appeal,Declaration,AID Contribution ('000 US$),Dis Mag Value,Dis Mag Scale,Latitude,Longitude,Local Time,River Basin,Start Year,Start Month,Start Day,End Year,End Month,End Day,Total Deaths,No Injured,No Affected,No Homeless,Total Affected,Reconstruction Costs ('000 US$),"Reconstruction Costs, Adjusted ('000 US$)",Insured Damages ('000 US$),"Insured Damages, Adjusted ('000 US$)",Total Damages ('000 US$),"Total Damages, Adjusted ('000 US$)",CPI,Adm Level,Admin1 Code,Admin2 Code,Geo Locations
1906-0002-COL,1906,0002,,Natural,Geophysical,Earthquake,Ground movement,,,Colombia,COL,South America,Americas,Tumako,,Tsunami/Tidal wave,,,No,No,,9,Richter,1.51 N,78.46 W ,,,1906,1,31,1906,1,31,400,,,,,,,,,,,3.0770111615701,,,,
1926-0013-COL,1926,0013,,Natural,Hydrological,Landslide,Landslide,,,Colombia,COL,South America,Americas,Pereira,,,,,,,,,,,,,,1926,11,5,1926,11,5,100,,,,,,,,,,,6.0628516220567,,,,
1949-0002-COL,1949,0002,,Natural,Geophysical,Volcanic activity,Ash fall,,Purace,Colombia,COL,South America,Americas,,,,,,,,,,,,,,,1949,,,1949,,,1000,,,,,,,,,,,8.1483814093431,,,,
1950-0028-COL,1950,0028,,Natural,Geophysical,Earthquake,Ground movement,,,Colombia,COL,South America,Americas,"Santander, Amboledas",,,,,,,,,Richter,7.8,-72.5,21:35,,1950,7,8,1950,7,8,211,,,40000,40000,,,,,5000,60683,8.2395521104268,,,,
1954-0012-COL,1954,0012,,Natural,Hydrological,Landslide,Landslide,,,Colombia,COL,South America,Americas,Medellin,,,,,,,,,,,,,,1954,7,12,1954,7,12,140,,,,,,,,,,,9.196844471804,,,,
1954-0064-COL,1954,0064,,Natural,Hydrological,Landslide,Landslide,,,Colombia,COL,South America,Americas,,,,,,,,,,,,,,,1954,12,,1954,12,,47,,,,,,,,,,,9.196844471804,,,,
1959-0035-COL,1959,0035,,Natural,Hydrological,Flood,,,,Colombia,COL,South America,Americas,,,,,,,,,,Km2,,,,,1959,6,,1959,6,,184,,,,,,,,,,,9.9605423643158,,,,
1962-0030-COL,1962,0030,,Natural,Geophysical,Earthquake,Ground movement,,,Colombia,COL,South America,Americas,"Mistrato, Manizales",,,,,,,,7,Richter,5.173,-76.352,13:53,,1962,7,30,1962,7,30,47,300,,,300,,,,,,,10.3364103594111,,,,
1962-0033-COL,1962,0033,,Natural,Hydrological,Flood,,,,Colombia,COL,South America,Americas,,,,,,,,,,Km2,,,,,1962,8,,1962,8,,135,,,,,,,,,,,10.3364103594111,,,,
1965-0065-COL,1965,0065,,Natural,Hydrological,Landslide,Landslide,,,Colombia,COL,South America,Americas,Manizales,,,,,,,,,,,,,,1965,11,27,1965,11,27,32,,,,,,,,,,,10.7663787252722,,,,
1967-0020-COL,1967,0020,,Natural,Geophysical,Earthquake,Ground movement,,,Colombia,COL,South America,Americas,"Neiva (Huila deparment); Rivera, San Antonio",,,,,,,,7,Richter,2.849,-74.798,10:24,,1967,2,9,1967,2,9,61,200,40000,,40200,,,,,600,5264,11.3985269797253,,,,
1968-0028-COL,1968,0028,,Natural,Meteorological,Storm,,,,Colombia,COL,South America,Americas,Guadalupe (Huila department),,,,,,,,,Kph,,,,,1968,1,29,1968,1,29,,,1020,63,1083,,,,,50,421,11.8854465143325,,,,
1969-0110-COL,1969,0110,,Natural,Hydrological,Flood,Riverine flood,,,Colombia,COL,South America,Americas,Magdalena River area,,,,,,,,,Km2,,,,,1969,12,,1969,12,,,,70000,,70000,,,,,500,3989,12.5346752600948,,,,
1970-0051-COL,1970,0051,,Natural,Geophysical,Earthquake,Ground movement,,,Colombia,COL,South America,Americas,Pereira (Bahia Solano),,,,,,,,7,Richter,6.375,-77.438,22:38,,1970,9,25,1970,9,25,,6,3000,,3006,,,,,400,3015,13.2664799609959,,,,
1970-0021-COL,1970,0021,,Natural,Hydrological,Flood,,,,Colombia,COL,South America,Americas,Leticia (Amazon),,,,,,,,,Km2,,,,,1970,4,,1970,4,,,,4000,,4000,,,,,50,377,13.2664799609959,,,,
1970-0061-COL,1970,0061,,Natural,Hydrological,Flood,,,,Colombia,COL,South America,Americas,"Magdalena, Cauca Vals",,,,,,,,,Km2,,,,,1970,11,,1970,11,,307,,5000000,105000,5105000,,,,,138800,1046246,13.2664799609959,,,,
1970-0069-COL,1970,0069,,Natural,Hydrological,Flood,,,,Colombia,COL,South America,Americas,Caldas,,,,,,,,,Km2,,,,,1970,12,12,1970,12,12,100,,,,,,,,,,,13.2664799609959,,,,
1971-0135-COL,1971,0135,,Natural,Hydrological,Landslide,Landslide,,,Colombia,COL,South America,Americas,,,,,,,,,,,,,,,1971,12,,1971,12,,200,,,,,,,,,,,13.8359835495998,,,,
1971-0018-COL,1971,0018,,Natural,Hydrological,Flood,,,,Colombia,COL,South America,Americas,"Magdalena, Cauca Vals",,,,,,,,,Km2,,,,,1971,3,,1971,3,,,,,,,,,,,,,13.8359835495998,,,,
1971-0127-COL,1971,0127,,Natural,Hydrological,Flood,,,,Colombia,COL,South America,Americas,,,,,,,,,,Km2,,,,,1971,6,,1971,6,,51,,,,,,,,,,,13.8359835495998,,,,
1972-0018-COL,1972,0018,,Natural,Hydrological,Landslide,Landslide,,,Colombia,COL,South America,Americas,San Josecito,,,,,,,,,,,,,,1972,1,26,1972,1,26,70,,,,,,,,,,,14.2887340027309,,,,
1973-0043-COL,1973,0043,,Natural,Hydrological,Flood,Riverine flood,,,Colombia,COL,South America,Americas,,,,,,,,,,Km2,,,,,1973,10,10,1973,10,10,9,172,5000,,5172,,,,,,,15.1714528217231,,,,
1973-0029-COL,1973,0029,,Natural,Hydrological,Landslide,Landslide,,,Colombia,COL,South America,Americas,San Antonio De Prado,,,,,,,,,,,,,,1973,6,26,1973,6,26,16,,,,,,,,,,,15.1714528217231,,,,
1973-0030-COL,1973,0030,,Natural,Hydrological,Landslide,Landslide,,,Colombia,COL,South America,Americas,Bogota,,,,,,,,,,,,,,1973,6,28,1973,6,28,200,,,,,,,,,,,15.1714528217231,,,,
1974-0031-COL,1974,0031,,Natural,Hydrological,Landslide,Landslide,,,Colombia,COL,South America,Americas,Quebrada Blanca,,,,,,,,,,,,,,1974,6,28,1974,6,28,300,1000,,,1000,,,,,,,16.8486291063234,,,,
1974-0048-COL,1974,0048,,Natural,Hydrological,Landslide,Landslide,,,Colombia,COL,South America,Americas,Medellin,,,,,,,,,,,,,,1974,9,29,1974,9,29,90,,,,,,,,,,,16.8486291063234,,,,
1976-0036-COL,1976,0036,,Natural,Hydrological,Landslide,Landslide,,,Colombia,COL,South America,Americas,Near Fresno,,,,,,,,,,,,,,1976,5,2,1976,5,2,13,16,,,16,,,,,,,19.4455440893725,,,,
1976-0187-COL,1976,0187,,Natural,Hydrological,Flood,,,,Colombia,COL,South America,Americas,,,,,,,,,,Km2,,,,,1976,10,,1976,10,,47,,,,,,,,,,,19.4455440893725,,,,
1977-0069-COL,1977,0069,,Natural,Hydrological,Landslide,Landslide,,,Colombia,COL,South America,Americas,Marizales,,,,,,,,,,,,,,1977,5,9,1977,5,9,,,,100,100,,,,,,,20.7098324994209,,,,
1979-0113-COL,1979,0113,,Natural,Geophysical,Earthquake,Ground movement,,,Colombia,COL,South America,Americas,"Pasto, Buenaventura, Narino, Cauca provinces, Tumaco Isl.; Gorgona Isl.",,Tsunami/Tidal wave,,,,,,8,Richter,1.598,-79.358,02:59,,1979,12,12,1979,12,12,579,1042,10000,,11042,,,,,8000,32260,24.7988405675032,,,,
1979-0106-COL,1979,0106,,Natural,Geophysical,Earthquake,Ground movement,,,Colombia,COL,South America,Americas,Manizales-Armenia area,,,,,,,,7,Richter,4.805,-76.217,18:40,,1979,11,23,1979,11,23,60,600,,,600,,,,,20000,80649,24.7988405675032,,,,
1979-0099-COL,1979,0099,,Natural,Hydrological,Flood,,,,Colombia,COL,South America,Americas,Playon,,,,,,,,,Km2,,,,,1979,11,20,1979,11,20,62,,100000,2000,102000,,,,,,,24.7988405675032,,,,
1980-0094-COL,1980,0094,,Natural,Hydrological,Flood,,,,Colombia,COL,South America,Americas,"Northern, Western",,,,,,,,,Km2,,,,,1980,10,,1980,10,,40,50,,,50,,,,,,,28.1588866338069,,,,
1981-0091-COL,1981,0091,,Natural,Geophysical,Earthquake,Ground movement,,,Colombia,COL,South America,Americas,Colombia/Venezuela border,,"Slide (land, mud, snow, rock)",,,,,,5,Richter,8.117,-72.527,23:31,,1981,10,18,1981,10,18,10,,,,,,,,,5000,16093,31.0690249461021,,,,
1981-0074-COL,1981,0074,,Natural,Hydrological,Flood,Riverine flood,,,Colombia,COL,South America,Americas,"East, Calimina",,,,,,,,,Km2,,,,,1981,8,17,1981,8,17,150,,,,,,,,,5000,16093,31.0690249461021,,,,
1981-0043-COL,1981,0043,,Natural,Hydrological,Landslide,Landslide,,,Colombia,COL,South America,Americas,Northern provinces,,,,,,,,,,,,,,1981,4,,1981,4,,65,,14000,,14000,,,,,,,31.0690249461021,,,,
1982-0383-COL,1982,0383,,Natural,Hydrological,Landslide,Landslide,,,Colombia,COL,South America,Americas,,,,,,,,,,,,,,,1982,1,,1982,1,,30,,,,,,,,,,,32.9739978068293,,,,
1982-0022-COL,1982,0022,,Natural,Hydrological,Flood,,,,Colombia,COL,South America,Americas,Narino province,,,,,,,,,Km2,,,,,1982,1,4,1982,1,4,90,,,,,,,,,,,32.9739978068293,,,,
1983-0318-COL,1983,0318,,Natural,Meteorological,Storm,Convective storm,Tornado,,Colombia,COL,South America,Americas,Barranquilla,,,,,,,,,Kph,,,,,1983,6,17,1983,6,17,1,40,,500,540,,,,,,,34.033263629163,,,,
1983-0059-COL,1983,0059,,Natural,Geophysical,Earthquake,Ground movement,,,Colombia,COL,South America,Americas,Popayan city (Cauca department),,,,,,,,5,Richter,2.461,-76.686,08:12,,1983,3,31,1983,3,31,250,1200,35000,,36200,,,,,410900,1207348,34.033263629163,,,,
1983-0100-COL,1983,0100,,Natural,Geophysical,Mass movement (dry),Rockfall,,,Colombia,COL,South America,Americas,Gachala,,,,,,,,,,,,,,1983,7,28,1983,7,28,160,,,,,,,,,,,34.033263629163,,,,
1984-0099-COL,1984,0099,,Natural,Hydrological,Flood,,,,Colombia,COL,South America,Americas,"Cauca, Valle, Caldas, Risaralda, Antioquia, Cordoba, Sucre, Bolivar, Cundinamarca, Magdalena, Cesar, Santander, Choco, Quindio departments",,,,,Yes,No,,1680,Km2,,,,,1984,11,,1984,11,,,,,,,,,,,,,35.4968811298231,,,,
1985-0132-COL,1985,0132,,Natural,Geophysical,Volcanic activity,Ash fall,,Nevado Del Ruiz,Colombia,COL,South America,Americas,"Armero, Chinchina, Casablanca, Herveo, Libano, Murillo, Villahermosa",,"Slide (land, mud, snow, rock)",,,No,No,,,,,,21:09,,1985,11,13,1985,11,13,21800,5000,7700,,12700,,,,,1000000,2720684,36.7554679439105,,,,
1986-0247-COL,1986,0247,,Natural,Hydrological,Landslide,Landslide,,,Colombia,COL,South America,Americas,,,,,,,,,,,,,,,1986,5,,1986,5,,26,,,,,,,,,,,37.4531116621934,,,,
1986-0248-COL,1986,0248,,Natural,Hydrological,Landslide,Landslide,,,Colombia,COL,South America,Americas,,,,,,,,,,,,,,,1986,6,,1986,6,,35,,,,,,,,,,,37.4531116621934,,,,
1986-0292-COL,1986,0292,,Natural,Hydrological,Landslide,Landslide,,,Colombia,COL,South America,Americas,,,,,,,,,,,,,,,1986,6,21,1986,6,21,200,,,,,,,,,,,37.4531116621934,,,,
1986-0078-COL,1986,0078,,Natural,Meteorological,Storm,,,,Colombia,COL,South America,Americas,"Arauca, Casanare, Guainiaz, Meta provinces",,,,,,,,,Kph,,,,,1986,7,,1986,7,,4,,28000,,28000,,,,,2500,6675,37.4531116621934,,,,
1986-0120-COL,1986,0120,,Natural,Hydrological,Flood,,,,Colombia,COL,South America,Americas,All country,,,,,,,,,Km2,,,,,1986,10,,1986,10,,13,,250000,,250000,,,,,,,37.4531116621934,,,,
1987-0124-COL,1987,0124,,Natural,Hydrological,Flood,Riverine flood,,,Colombia,COL,South America,Americas,"Ibague, PastalesTolima department",,,,,,,,,Km2,,,,,1987,7,4,1987,7,4,21,50,800,,850,,,,,,,38.8256008137732,,,,
1987-0167-COL,1987,0167,,Natural,Hydrological,Landslide,Landslide,,,Colombia,COL,South America,Americas,Villatina (Medellin),,,,,,,,,,,,,,1987,9,27,1987,9,27,640,2436,4000,,6436,,,,,,,38.8256008137732,,,,
1987-0554-COL,1987,0554,,Natural,Hydrological,Landslide,Landslide,,,Colombia,COL,South America,Americas,,,,,,,,,,,,,,,1987,3,16,1987,3,16,13,,,,,,,,,,,38.8256008137732,,,,
1988-0136-COL,1988,0136,,Natural,Geophysical,Volcanic activity,Ash fall,,Nevado Del Ruiz,Colombia,COL,South America,Americas,,,,,,No,No,,,,,,,,1988,3,25,1988,3,25,,,1900,,1900,,,,,,,40.4088060501708,,,,
1988-0373-COL,1988,0373,,Natural,Hydrological,Flood,Riverine flood,,,Colombia,COL,South America,Americas,"Cordoba, Sucre",,,,,,,,,Km2,,,,,1988,6,,1988,6,,120,800,130000,,130800,,,,,,,40.4088060501708,,,,
1988-0468-COL,1988,0468,,Natural,Meteorological,Storm,Tropical cyclone,,Joan,Colombia,COL,South America,Americas,"San Andres, Guajira peninsula and coastal towns",,,,,,,,,Kph,,,,,1988,10,17,1988,10,17,26,,100000,,100000,,,,,50000,123735,40.4088060501708,,,,
1989-0580-COL,1989,0580,,Natural,Hydrological,Flood,,,,Colombia,COL,South America,Americas," Putumayo, Mocoa",,,,,,,,,Km2,,,,,1989,7,31,1989,7,31,16,,,,,,,,,,,42.3593430854381,,,,
1990-0676-COL,1990,0676,,Natural,Hydrological,Flood,,,,Colombia,COL,South America,Americas,Narino,,,,,,,,,Km2,,,,,1990,4,17,1990,4,17,,,800,,800,,,,,,,44.6458774383636,,,,
1990-0677-COL,1990,0677,,Natural,Hydrological,Flood,,,,Colombia,COL,South America,Americas,,,,,,,,,,Km2,,,,,1990,5,30,1990,5,30,,,17179,,17179,,,,,,,44.6458774383636,,,,
1990-0678-COL,1990,0678,,Natural,Hydrological,Flood,,,,Colombia,COL,South America,Americas,Vichada,,,,,,,,,Km2,,,,,1990,6,27,1990,6,27,,,1548,,1548,,,,,,,44.6458774383636,,,,
1990-0679-COL,1990,0679,,Natural,Hydrological,Flood,,,,Colombia,COL,South America,Americas,Antioquia,,,,,,,,,Km2,,,,,1990,9,21,1990,9,21,10,,1098,,1098,,,,,,,44.6458774383636,,,,
1991-0390-COL,1991,0390,,Natural,Geophysical,Earthquake,Ground movement,,,Colombia,COL,South America,Americas,"Buenaventura, Cali (Choco Department)",,,,,No,No,,7,Richter,3.554 N,77.442 W,16:28,,1991,11,19,1991,11,19,2,2,570,295,867,,,,,,,46.5366206057622,,,,
1991-0326-COL,1991,0326,,Natural,Hydrological,Landslide,Avalanche,,,Colombia,COL,South America,Americas,"Norte Sant Cesar, Serrania del Perija",,,,,,,,,,,,,,1991,8,7,1991,8,7,10,,117,,117,,,,,,,46.5366206057622,,,,
1991-0129-COL,1991,0129,,Natural,Hydrological,Landslide,Landslide,,,Colombia,COL,South America,Americas,"Ciudad Bolivar, Frontino (Antioqua Department)",Heavy rains,,,,No,No,,,,,,,,1991,6,3,1991,6,7,45,,,,,,,,,,,46.5366206057622,,,,
1991-0176-COL,1991,0176,,Natural,Hydrological,Landslide,Landslide,,,Colombia,COL,South America,Americas,Between Mocoa and Pasao,,,,,,,,,,,,,,1991,7,17,1991,7,17,50,,,,,,,,,400,860,46.5366206057622,,,,
1991-0126-COL,1991,0126,,Natural,Climatological,Wildfire,Forest fire,,,Colombia,COL,South America,Americas,"Cano Yarumales, Rio Guayabero",,,,,,,,800,Km2,,,,,1991,2,3,1991,2,3,,,,,,,,,,,,46.5366206057622,,,,
1991-0137-COL,1991,0137,,Natural,Biological,Epidemic,Bacterial disease,,Cholera,Colombia,COL,South America,Americas,"Narino, Cauca, Valle departments",,,,,,,,,Vaccinated,,,,,1991,3,,1991,3,,350,,14137,,14137,,,,,,,46.5366206057622,,,,
1992-0151-COL,1992,0151,,Natural,Geophysical,Earthquake,Ground movement,,,Colombia,COL,South America,Americas,"(1) Murindo, Vigia del Fuerte, Gedeza, Bellaluz, Bebaremeno, Bellavista (Antioquia and Choco Province), (2) Murindo Apartado Medellin area, (3) San Pedro de Uraba",,Volcanic activity,,,No,No,150,7,Richter,7.123 N,7 W.887 ,3:32,,1992,10,17,1992,10,17,11,135,,1500,1635,,,,,,,47.9461296367986,,,,
1993-0011-COL,1993,0011,,Natural,Hydrological,Flood,Flash flood,,,Colombia,COL,South America,Americas,"Andes (Antioquia Department), Amazonas, Meta, Tolima, Boyaca and Narino departments",Brief torrential rain,"Slide (land, mud, snow, rock)",,,No,No,200,20,Km2,,,,Taparto,1993,4,26,1993,5,1,63,33,80000,250,80283,,,,,,,49.3613321649381,,,,
1993-0490-COL,1993,0490,,Natural,Geophysical,Earthquake,Ground movement,,,Colombia,COL,South America,Americas,"Arauca, Puerto Rondon, Puerto Colombia",,,,,No,No,,6,Richter,6.47,-71.210,,,1993,7,22,1993,7,22,2,60,3011,,3071,,,,,,,49.3613321649381,,,,
1993-0106-COL,1993,0106,,Natural,Geophysical,Volcanic activity,Ash fall,,Galeras,Colombia,COL,South America,Americas,Narino Province,,,,,No,No,,,,1.2 N,77.4 W,13:43,,1993,1,14,1993,1,14,10,6,,,6,,,,,,,49.3613321649381,,,,
1993-0491-COL,1993,0491,,Natural,Hydrological,Landslide,Landslide,,,Colombia,COL,South America,Americas,Caldas,,,,,,,,,,,,,,1993,11,28,1993,11,28,10,3,154,,157,,,,,,,49.3613321649381,,,,
1993-0492-COL,1993,0492,,Natural,Hydrological,Landslide,Landslide,,,Colombia,COL,South America,Americas,Caldas,,,,,,,,,,,,,,1993,12,21,1993,12,21,10,,924,,924,,,,,,,49.3613321649381,,,,
1993-0233-COL,1993,0233,,Natural,Hydrological,Landslide,Mudslide,,,Colombia,COL,South America,Americas,Antioquia Province,,,,,,,,,,,,,,1993,12,18,1993,12,18,75,36,2250,125,2411,,,,,,,49.3613321649381,,,,
1994-0059-COL,1994,0059,,Natural,Geophysical,Earthquake,Ground movement,,,Colombia,COL,South America,Americas,"Toez, Irlanda, Belalcazar, Mosoco, Monte Cruz, La Cruz, San Jose Cabuya (Cauca Department and Huila Department)",,"Slide (land, mud, snow, rock)",,Yes,Yes,No,4856,6,Richter,30.0 N ,76.2 W,15:47,,1994,6,6,1994,6,6,271,158,12461,24797,37416,,,,,2400,4739,50.6484026622566,,,,
1994-0005-COL,1994,0005,,Natural,Hydrological,Flood,Coastal flood,,,Colombia,COL,South America,Americas,Valle de Caucu Department,,,,,No,No,721,,Km2,,,,,1994,1,,1994,1,,11,50,8500,1400,9950,,,,,,,50.6484026622566,,,,
1994-0091-COL,1994,0091,,Natural,Hydrological,Flood,,,,Colombia,COL,South America,Americas,De Huila Department,,,,,,,,,Km2,,,,,1994,4,,1994,4,,7,,1019,,1019,,,,,,,50.6484026622566,,,,
1994-0651-COL,1994,0651,,Natural,Hydrological,Flood,Riverine flood,,,Colombia,COL,South America,Americas,Florida town (Bogota),Heavy rain,"Slide (land, mud, snow, rock)",,,No,No,,,Km2,,,,Fraile,1994,1,31,1994,2,2,19,,,7000,7000,,,,,,,50.6484026622566,,,,
1995-0015-COL,1995,0015,,Natural,Geophysical,Earthquake,Ground movement,,,Colombia,COL,South America,Americas,"Boyaca Province, Casanare Department",,"Slide (land, mud, snow, rock)",,,No,No,,7,Richter,4.9 N,73.1 W,10:05,,1995,1,19,1995,1,19,7,35,2560,250,2845,,,,,,,52.0692986874991,,,,
1995-0030-COL,1995,0030,,Natural,Geophysical,Earthquake,Ground movement,,,Colombia,COL,South America,Americas,Pereira,,,,,No,No,20,6,Richter,4.1 N,76.6 W,13:40,,1995,2,8,1995,2,8,40,230,11867,3000,15097,,,,,,,52.0692986874991,,,,
1995-0054-COL,1995,0054,,Natural,Geophysical,Earthquake,Ground movement,,,Colombia,COL,South America,Americas,Pasto area,,,,,No,No,,5,Richter,1.12 N,77.17 W,18:23,,1995,3,4,1995,3,4,8,4,255,,259,,,,,,,52.0692986874991,,,,
1995-0155-COL,1995,0155,,Natural,Hydrological,Flood,Flash flood,,,Colombia,COL,South America,Americas,"Fresdonia, Toledo",,,,,,,,,Km2,,,,,1995,7,23,1995,7,23,69,,,86000,86000,,,,,,,52.0692986874991,,,,
1995-0122-COL,1995,0122,,Natural,Hydrological,Landslide,Landslide,,,Colombia,COL,South America,Americas,"Santa Rose de Cabal, Dosquebradas",,,,,,,,,,,,,,1995,6,19,1995,6,19,17,,,,,,,,,,,52.0692986874991,,,,
1995-0090-COL,1995,0090,,Natural,Biological,Insect infestation,,,,Colombia,COL,South America,Americas,Manizales,,,,,,,,1100,,,,,,1995,5,17,1995,5,17,,,,,,,,,,104000,199734,52.0692986874991,,,,
1996-0084-COL,1996,0084,,Natural,Hydrological,Landslide,Landslide,,,Colombia,COL,South America,Americas,Danubio,,,,,No,No,,,,,,,,1996,5,5,1996,5,5,5,,,110,110,,,,,,,53.5955608540084,,,,
1996-0213-COL,1996,0213,,Natural,Biological,Epidemic,Bacterial disease,,Cholera,Colombia,COL,South America,Americas,,,,,,,,,,Vaccinated,,,,,1996,1,,1996,1,,62,,3000,,3000,,,,,,,53.5955608540084,,,,
1996-0114-COL,1996,0114,,Natural,Hydrological,Flood,,,,Colombia,COL,South America,Americas,"Cordoba, Bolivar, Magdalena, Cesar, Sucre states",,,,,,,,700,Km2,,,,,1996,1,,1996,1,,,,180000,,180000,,,,,,,53.5955608540084,,,,
1996-0240-COL,1996,0240,,Natural,Hydrological,Flood,,,,Colombia,COL,South America,Americas,Santander Province,,,,,,,,,Km2,,,,,1996,10,15,1996,10,15,12,,,200,200,,,,,,,53.5955608540084,,,,
1997-0569-COL,1997,0569,,Natural,Hydrological,Flood,Riverine flood,,,Colombia,COL,South America,Americas,Carmen de Bolivar (Bolivar province),Heavy rains,,,,No,No,,5120,Km2,,,,"Gibrantar, Sabaneta",1997,10,14,1997,10,16,2,,15000,,15000,,,,,3000,5470,54.8484541709928,,,,
1998-9077-COL,1998,9077,,Natural,Climatological,Drought,Drought,,,Colombia,COL,South America,Americas,,El Nino,,,,No,No,,,Km2,,,,,1998,1,,1998,,,,,100000,,100000,,,,,,,55.6998628053472,,,,
1998-0452-COL,1998,0452,,Natural,Hydrological,Landslide,Mudslide,,,Colombia,COL,South America,Americas,La Catorce,,,,,,,,,,,,,,1998,11,22,1998,11,22,104,,,,,,,,,,,55.6998628053472,,,,
1999-0016-COL,1999,0016,,Natural,Geophysical,Earthquake,Ground movement,,,Colombia,COL,South America,Americas,"Armenia (Quindio), Risaralda, Valle del Cauca, Tolima Departments",,"Slide (land, mud, snow, rock)",,Yes,,,32129,6,Richter,4.461,-75.724,13:19,,1999,1,25,1999,1,25,1186,8563,745000,452370,1205933,,,100000,175690,1857366,3263198,56.9185870408555,,,,
1999-0372-COL,1999,0372,,Natural,Hydrological,Flood,,,,Colombia,COL,South America,Americas," Florencia, Puerto Lopez, Cauca, Narino, Huila, Putumayo, Valle",,"Slide (land, mud, snow, rock)",,,No,No,,,Km2,,,,,1999,10,4,1999,10,15,29,40,100000,50000,150040,,,,,3,5,56.9185870408555,,,,
1999-0448-COL,1999,0448,,Natural,Hydrological,Flood,Coastal flood,,,Colombia,COL,South America,Americas,"South Colombia, Pacific Coast",,,,,,,,,Km2,,,,,1999,11,,1999,11,,3,,,1100,1100,,,,,,,56.9185870408555,,,,
1999-0106-COL,1999,0106,,Natural,Hydrological,Landslide,Landslide,,,Colombia,COL,South America,Americas,"Cienaga, Choco, Cauca, Cordoba",,,,,,,,,,,,,,1999,4,9,1999,4,9,25,,,3000,3000,,,,,,,56.9185870408555,,,,
1999-0612-COL,1999,0612,,Natural,Hydrological,Landslide,Landslide,,,Colombia,COL,South America,Americas,Narino,,,,,,,,,,,,,,1999,12,25,1999,12,25,22,,200,200,400,,,,,,,56.9185870408555,,,,
1999-0557-COL,1999,0557,,Natural,Meteorological,Storm,Tropical cyclone,,Lenny,Colombia,COL,South America,Americas,,,,,,No,No,,,Kph,,,,,1999,11,15,1999,11,19,2,,,,,,,,,500,878,56.9185870408555,,,,
1999-0087-COL,1999,0087,,Natural,Hydrological,Flood,,,,Colombia,COL,South America,Americas,North-West,,,,,,,,,Km2,,,,,1999,1,,1999,1,,9,,,250,250,,,,,,,56.9185870408555,,,,
2000-0265-COL,2000,0265,,Natural,Hydrological,Flood,Riverine flood,,,Colombia,COL,South America,Americas,"Narino, Putumayo, Santander, Antioquia, Choco, Cundinamarca, Tolima, Valle del Cauca, Amazonas provinces",Heavy rains,"Slide (land, mud, snow, rock)",Transport accident,,,,9,200000,Km2,,,,San Miguel,2000,5,18,2000,5,24,96,,12000,,12000,,,,,,,58.8406484917497,1,934;935;946;948;955;957;961;963;964,,"Amazonas, Antioquia, Choco, Cundinamarca, Narino, Putumayo, Santander, Tolima, Valle Del Cauca (Adm1). "
2000-0081-COL,2000,0081,,Natural,Geophysical,Earthquake,Ground movement,,,Colombia,COL,South America,Americas,Jurado island and Jurado districts (Choco province),,,,,,,,7,Richter,7.042,-77.829,,,2000,11,8,2000,11,8,2,,430,,430,,,,,,,58.8406484917497,2,,13795;13796,"Jurado, Jurado (is.) (Adm2). "
2000-0648-COL,2000,0648,,Natural,Hydrological,Flood,Riverine flood,,,Colombia,COL,South America,Americas,"Ayapel district (Cordoba province), San Benito Abad district (Sucre province)",Heavy rains,,,,,,,,Km2,,,,"Magdalena, Cauca, San Jorge and Sinu",2000,9,20,2000,9,20,9,,28000,,28000,,,,,,,58.8406484917497,2,,13808;14307,"Ayapel, San Benito Abad (Adm2). "
2000-0098-COL,2000,0098,,Natural,Hydrological,Flood,,,,Colombia,COL,South America,Americas,"Tolima, Santander, Valle provinces",,,,,,,,,Km2,,,,,2000,2,,2000,2,,8,,,39000,39000,,,,,,,58.8406484917497,1,961;963;964,,"Santander, Tolima, Valle Del Cauca (Adm1). "
2001-0343-COL,2001,0343,,Natural,Meteorological,Storm,Convective storm,Tornado,,Colombia,COL,South America,Americas,"Barranquilla (dist.port.), Soledad districts (Atlantico province)",,,,Yes,,,,50,Kph,,,,,2001,6,1,2001,6,1,5,200,,7500,7700,,,,,,,60.5035788853056,2,,13475;13493,"Barranquilla (dist.port., Soledad (Adm2). "
2001-0156-COL,2001,0156,,Natural,Hydrological,Flood,Riverine flood,,,Colombia,COL,South America,Americas,"Colon, Santiago, Sibundoy, San Francisco districts (Putumayo province)",,,,,,,,,Km2,,,,,2001,4,9,2001,4,9,,,1500,,1500,,,,,,,60.5035788853056,2,,14165;14172;14173;14174,"Colon, San Francisco, Santiago, Sibundoy (Adm2). "
2001-0712-COL,2001,0712,,Natural,Hydrological,Flood,Riverine flood,,,Colombia,COL,South America,Americas,"Tolima, Cundinamarca, Antioquia provinces",,,,,,,,,Km2,,,,,2001,12,,2001,12,,,,4500,,4500,,,,,,,60.5035788853056,1,935;948;963,,"Antioquia, Cundinamarca, Tolima (Adm1). "
2001-0395-COL,2001,0395,,Natural,Hydrological,Landslide,Landslide,,,Colombia,COL,South America,Americas,"La Fea town (Valdivia district, Antioquia province)",,,,,,,,,,,,,,2001,6,5,2001,6,5,14,,,,,,,,,,,60.5035788853056,2,,13457,Valdivia (Adm2). 
2001-0637-COL,2001,0637,,Natural,Hydrological,Landslide,Landslide,,,Colombia,COL,South America,Americas,Filadelfia district (Caldas province),,,,,,,,,,,,,,2001,11,22,2001,11,22,80,32,,,32,,,,,,,60.5035788853056,2,,13665,Filadelfia (Adm2). 
2001-0499-COL,2001,0499,,Natural,Climatological,Wildfire,Forest fire,,,Colombia,COL,South America,Americas,"Amazonas, Arauca, Boyaca, Caqueta, Casanare, Guainia, Guaviare, Meta, Norte De Santander, Putumayo, Vaupes, Vichada provinces",,,,,,,,120,Km2,,,,,2001,8,,2001,8,,,,,,,,,,,,,60.5035788853056,1,934;936;939;942;943;951;954;956;957;965;966,,"Amazonas, Arauca, Boyaca, Caqueta, Casanare, Guaviare, Meta, Norte De Santander, Putumayo, Vaupes, Vichada (Adm1). "
2002-0339-COL,2002,0339,,Natural,Hydrological,Flood,Riverine flood,,,Colombia,COL,South America,Americas,"Antioquia, Bolivar, Cesar, Cundinamarca, Choco, Santander, Casanare, Tolima provinces",Heavy rain,"Slide (land, mud, snow, rock)",,,,,,369950,Km2,,,,"Tunjuelito, Magdalena and Cauca ",2002,6,4,2002,6,13,28,13,73000,,73013,,,,,,,61.4631882611914,1,935;938;943;945;946;948;961;963,,"Antioquia, Bolivar, Casanare, Cesar, Choco, Cundinamarca, Santander, Tolima (Adm1). "
2002-0839-COL,2002,0839,,Natural,Hydrological,Flood,Riverine flood,,,Colombia,COL,South America,Americas,Arauca province,Heavy rain,Broken Dam/Burst bank,,,,,,,Km2,,,,Aruca,2002,7,5,2002,8,8,,,12500,,12500,,,,,,,61.4631882611914,1,936,,Arauca (Adm1). 
2002-0307-COL,2002,0307,,Natural,Hydrological,Flood,Riverine flood,,,Colombia,COL,South America,Americas,"Antioquia, Bolivar, Boyaca, Caldas, Caqueta, Casanare, Cauca, Cesar, Choco, Cordoba, Cundinamarca, Huila, Meta, Nariño, Norte De Santander, Putumayo, Quindío, Risaralda, Santander, Sucre, Tolima, Valle Del Cauca provinces",Heavy rain,,,,,,,483000,Km2,,,,,2002,4,24,2002,4,29,37,,38000,,38000,,,,,,,61.4631882611914,1,935;938;939;941;942;943;944;945;946;947;948;952;954;955;956;957;958;959;961;962;963;964,,"Antioquia, Bolivar, Boyaca, Caldas, Caqueta, Casanare, Cauca, Cesar, Choco, Cordoba, Cundinamarca, Huila, Meta, Narino, Norte De Santander, Putumayo, Quindio, Risaralda, Santander, Sucre, Tolima, Valle Del Cauca (Adm1). "
2002-0728-COL,2002,0728,,Natural,Hydrological,Landslide,Mudslide,,,Colombia,COL,South America,Americas,"El Dorado, Canonico, San Mateo towns (Montecristo district, Bolivar province)",,,,,,,,,,,,,,2002,10,27,2002,10,29,70,,,2000,2000,,,,,,,61.4631882611914,2,,13515,Montecristo (Adm2). 
2002-0845-COL,2002,0845,,Natural,Hydrological,Flood,,,,Colombia,COL,South America,Americas,Tierralta district (Cordoba province),,,,,,,,,Km2,,,,,2002,11,,2002,11,,,,1025,,1025,,,,,,,61.4631882611914,2,,13834,Tierralta (Adm2). 
2003-0138-COL,2003,0138,,Natural,Hydrological,Landslide,Mudslide,,,Colombia,COL,South America,Americas,Manizales district (Caldas province),Heavy rains,,,,,,,,,,,,,2003,3,19,2003,3,19,35,19,700,60,779,,,,,,,62.8584595000413,2,,13668,Manizales (Adm2). 
2003-0578-COL,2003,0578,,Natural,Hydrological,Flood,Riverine flood,,,Colombia,COL,South America,Americas,"Antioquia, Atlantico, Bolivar, Boyaca, Caldas, Cesar, Cordoba, Cundinamarca, Choco, Guajira, Huila, Magdalena, Norte de Santander, Quindio, Risaralda, Santander, Sucre, Tolima, Valle del Cauca provinces",Constant rains,"Slide (land, mud, snow, rock)",Rain,,,,,,Km2,,,,"Magdalena, Cauca, Atrato",2003,8,,2003,12,,42,57,35695,,35752,,,,,,,62.8584595000413,1,935;937;938;939;941;945;946;947;948;950;952;953;956;958;959;961;962;963;964,,"Antioquia, Atlantico, Bolivar, Boyaca, Caldas, Cesar, Choco, Cordoba, Cundinamarca, Guajira, Huila, Magdalena, Norte De Santander, Quindio, Risaralda, Santander, Sucre, Tolima, Valle Del Cauca (Adm1). "
2003-0284-COL,2003,0284,,Natural,Hydrological,Flood,Riverine flood,,,Colombia,COL,South America,Americas,Florencia district (Caqueta province),Heavy rains,"Slide (land, mud, snow, rock)",,,,,,3350,Km2,,,,Rio Hacha,2003,6,14,2003,6,16,3,,4000,,4000,,,,,,,62.8584595000413,2,,13691,Florencia (Adm2). 
2003-0788-COL,2003,0788,,Natural,Hydrological,Flood,Riverine flood,,,Colombia,COL,South America,Americas,"Choco, Antioquia, Cordoba provinces",Torrential rain,"Slide (land, mud, snow, rock)",,,,,,,Km2,,,,,2003,5,14,2003,5,28,35,,,,,,,,,,,62.8584595000413,1,935;946;947,,"Antioquia, Choco, Cordoba (Adm1). "
2004-0202-COL,2004,0202,,Natural,Hydrological,Flood,Riverine flood,,,Colombia,COL,South America,Americas,"Antioquia, Boyaca, Bolivar, Cauca, Cordoba, Choco, Cundimarca, Guajira, Meta, Norte de Santander, Tolima, Valle del Cauca, Arauca, Casanare, Atlantico, Caldas, Caqueta, Guaviare, Madgalena, Narino, Putumayo, Quindio, Risaralda, Vichada provinces",Heavy rains,"Slide (land, mud, snow, rock)",,,,,,108,Km2,,,,,2004,1,,2004,6,28,79,48,186048,,186096,,,,,,,64.5413292817447,1,935;936;937;938;939;941;942;943;944;946;947;948;950;951;953;954;955;956;957;958;959;963;964;966,,"Antioquia, Arauca, Atlantico, Bolivar, Boyaca, Caldas, Caqueta, Casanare, Cauca, Choco, Cordoba, Cundinamarca, Guajira, Guaviare, Magdalena, Meta, Narino, Norte De Santander, Putumayo, Quindio, Risaralda, Tolima, Valle Del Cauca, Vichada (Adm1). "
2004-0520-COL,2004,0520,,Natural,Hydrological,Flood,Riverine flood,,,Colombia,COL,South America,Americas,"Envigado, Copacabana, Bello, Medellin, Caldas, La Estrella districts (Antioquia province), Sabanagrande, Barranquilla districts (Atlantico province), Monteria, Ayapel (La Apartada), Cienaga de Oro, Cerete, San Pelayo, Momil, Planeta Rica, Purisima, Monitos (isl.), Lorica, San Andres de Sotavento, Tierralta, Los Cordobas, San Carlos, Montelibano, Puerto Libertador, San Bernado districts (Cordoba province), Cartagena, Santa Catalina (Clemencia), San Fernando, Simitri districts (Bolivar province), Cienaga (Zona Bananera) district(Magdalena province), Villa Caro, Machique, Ocana, Teorama districts (Norte of Santander province), Purificacion, Carmen de Apicala, Armero Guayabal, Icononzo districts (Tolima province), Riosuco districts (Caldas province), Popayan, Lopez de Micay, Timbiqui districts (Cauca province), Valledupar district (Cesar province), Capital City Bogota, Yacopi districts (Cundimarca province), Riohacha district (Guajira province), Garzon district (Huila province), Villavicencio, El Calvario district (Meta province), Samaniego, Pasto, Barbacoas districts (Nariño province), Sibundoy district (Putumayo province), Circasia district (Quindío province), Punto Caldas, Pereira districts (Risaralda province), San Pedro district (Sucre province), Bugalagrande district (Valle province)",Heavy rains,"Slide (land, mud, snow, rock)",,,,Yes,,,Km2,,,,Cauca,2004,10,11,2004,10,26,36,72,345314,,345386,,,,,,,64.5413292817447,2,,13357;13366;13380;13386;13403;13408;13475;13489;13503;13504;13520;13525;13528;13677;13737;13745;13756;13757;13782;13808;13811;13814;13815;13816;13817;13818;13819;13820;13822;13825;13826;13828;13830;13831;13832;13833;13834;13914;13948;13964;13982;14014;14037;14058;14064;14102;14110;14149;14160;14163;14174;14180;14198;14312;14322;14325;14340;14351;14372,"Armero (guayabal), Ayapel, Barbacoas, Barranquilla (dist.port., Bello, Bugalagrande, Caldas, Carmen De Apicala, Cartagena (dist. Esp.), Cartagena (dist. Esp.) (i, Cerete, Cienaga, Cienaga De Oro, Circasia, Copacabana, El Calvario, Envigado, Garzon, Icononzo, La Estrella, Lopez De Micay, Lorica, Los Cordobas, Medellin, Momil, Monitos (is.), Montelibano, Monteria, Oca??a, Pasto, Pereira, Planeta Rica, Popayan, Puerto Libertador, Purificacion, Purisima, Riohacha, Riosucio, Sabanagrande, Samaniego, San Andres De Sotavento, San Bernardo El Viento, San Bernardo El Viento (i, San Carlos, San Fernando, San Pedro, San Pelayo, Santa Catalina, Santafe De Bogota D.c., Sibundoy, Simiti, Teorama, Tierralta, Timbiqui, Timbiqui (is.), Valledupar, Villa Caro, Villavicencio, Yacopi (Adm2). "
2004-0426-COL,2004,0426,,Natural,Geophysical,Earthquake,Ground movement,,,Colombia,COL,South America,Americas,Sotara district (Cauca province),,,,,,,,5,Richter,2.265,-76.595,02:06,,2004,8,18,2004,8,18,1,2,,500,502,,,,,,,64.5413292817447,2,,13753,Sotara (Adm2). 
2004-0575-COL,2004,0575,,Natural,Geophysical,Earthquake,Ground movement,,,Colombia,COL,South America,Americas,"Litoral de San Juan, Litoral de San Juan (is.), Bajo Baudo (is.), Bajo Baudo (pizzaro) districts (Choco province), Cali, Buenaventua, Buenaventura (is.), El Cerrito, Restrepo, Zarzal, Bugalagrande, Calima (darien), Vijes districts (Valle del Cauca province)",,,,,,,,7,Richter,4.695,-77.508,04:06,,2004,11,15,2004,11,15,,20,8016,,8036,,,,,,,64.5413292817447,2,,13788;13789;13797;13798;14369;14370;14372;14374;14375;14381;14394;14404;14407,"Bajo Baudo (is.), Bajo Baudo (pizarro), Buenaventura, Buenaventura (is.), Bugalagrande, Cali, Calima (darien), El Cerrito, Litoral Del San Juan, Litoral Del San Juan (is., Restrepo, Vijes, Zarzal (Adm2). "
2005-0083-COL,2005,0083,,Natural,Hydrological,Flood,Riverine flood,,,Colombia,COL,South America,Americas,"Santander, Tolima, Huila, Norte de Santander, Quindio, Choco, Caldas, Boyaca, Meta, Cundinamarca, Antioquia, Cordoba provinces",Heavy rains,"Slide (land, mud, snow, rock)",Collapse,Yes,,Yes,154,,Km2,,,,"Lebrija, Oro, Frio, Tachira",2005,2,11,2005,2,26,56,117,85612,,85729,,,,,10000,14986,66.7310579862028,1,935;939;941;946;947;948;952;954;956;958;961;963,,"Antioquia, Boyaca, Caldas, Choco, Cordoba, Cundinamarca, Huila, Meta, Norte De Santander, Quindio, Santander, Tolima (Adm1). "
2005-0196-COL,2005,0196,,Natural,Hydrological,Flood,Riverine flood,,,Colombia,COL,South America,Americas,"Boyaca, Antioquia, Santander, Huila, Risaralda, Tolima provinces",Heavy rains,"Slide (land, mud, snow, rock)",,,,,,,Km2,,,,,2005,4,12,2005,5,7,23,30,41500,,41530,,,,,,,66.7310579862028,1,935;939;952;959;961;963,,"Antioquia, Boyaca, Huila, Risaralda, Santander, Tolima (Adm1). "
2005-0731-COL,2005,0731,,Natural,Geophysical,Volcanic activity,Ash fall,,Galeras,Colombia,COL,South America,Americas,"Consacra, Pasto, Sandona, Tangua, Yacuanquer districts (Nariño province)",,,,,,Yes,,,,1.22,-77.37,,,2005,11,24,2005,11,24,,,,,,,,,,,,66.7310579862028,2,,14069;14102;14115;14120;14124,"Consaca, Pasto, Sandona, Tangua, Yacuanquer (Adm2). "
2005-0572-COL,2005,0572,,Natural,Hydrological,Flood,Riverine flood,,,Colombia,COL,South America,Americas,"Antioquia, Atlantico, Bolivar, Boyaca, Caldas, Caqueta, Casanare, Cauca, Cundinamarca, Guajira, Huila, Meta, Narino, Norte de Santander, Putumayo, Quindio, Risaralda, Santander, Sans Andres y Providencia, Sucre, Tolima, Valle, Cordoba, Choco, Cesar, Magdalena provinces",Heavy rains,,,,,,,115200,Km2,,,,La Garcia,2005,9,15,2005,11,17,101,114,474493,,474607,,,,,,,66.7310579862028,1,935;937;938;939;941;942;943;944;945;946;947;948;950;952;953;954;955;956;957;958;959;960;961;962;963;964,,"Antioquia, Atlantico, Bolivar, Boyaca, Caldas, Caqueta, Casanare, Cauca, Cesar, Choco, Cordoba, Cundinamarca, Guajira, Huila, Magdalena, Meta, Narino, Norte De Santander, Putumayo, Quindio, Risaralda, San Andres Y Providencia, Santander, Sucre, Tolima, Valle Del Cauca (Adm1). "
2005-0625-COL,2005,0625,,Natural,Meteorological,Storm,Tropical cyclone,,Beta,Colombia,COL,South America,Americas,"Providencia Isl. (Santa Catalina, Santa Catarina districts, San Andres y Providencia province), San Andres Isl. (San Andres y Providencia district, San Andres y Providencia province)",,,,,,,,175,Kph,,,,,2005,10,29,2005,10,29,,,3074,,3074,,,,,,,66.7310579862028,2,,14203;14204;14205,"San Andres Y Providencia, Santa Catalina, Santa Catarina (Adm2). "
2006-0140-COL,2006,0140,,Natural,Hydrological,Flood,Riverine flood,,,Colombia,COL,South America,Americas,"Choco, Valle del Cauca, Cauca, Narino, Antioquia, Caldas, Risaralda, Quindio, Tolima, Arauca, Santander, Norte de Santander, Cundinamarca, Boyaca, Casanare, Meta, Bolivar, Cesar, Cundinamarca, Huila, Narino, Sucre, Caqueta provinces",,"Slide (land, mud, snow, rock)",Rain,Yes,,,415,,Km2,5.43,-75.6,,"Madgalena, Cauca, Saldana, Negro, Zulia, Pamplonita, Carare",2006,1,1,2006,4,27,150,227,221238,,221465,,,,,,,68.8837587123464,1,935;936;938;939;941;942;943;944;945;946;948;952;954;955;956;958;959;961;962;963;964,,"Antioquia, Arauca, Bolivar, Boyaca, Caldas, Caqueta, Casanare, Cauca, Cesar, Choco, Cundinamarca, Huila, Meta, Narino, Norte De Santander, Quindio, Risaralda, Santander, Sucre, Tolima, Valle Del Cauca (Adm1). "
2006-0154-COL,2006,0154,,Natural,Geophysical,Volcanic activity,Ash fall,,Galeras,Colombia,COL,South America,Americas,"Pasto, La Florida districts (Nariño province)",,,,,,,248,,,,,,,2006,3,28,2006,7,12,,,8500,,8500,,,,,,,68.8837587123464,2,,14089;14102,"La Florida, Pasto (Adm2). "
2006-0380-COL,2006,0380,,Natural,Geophysical,Volcanic activity,Ash fall,,Mount Galeras,Colombia,COL,South America,Americas,"La Florida, Ancuya, Sandona, Consaca districts (Nariño province)",,,,,,Yes,,,,,,14:30,,2006,7,12,2006,7,12,,,8500,,8500,,,,,,,68.8837587123464,2,,14062;14069;14089;14115,"Ancuya, Consaca, La Florida, Sandona (Adm2). "
2007-0150-COL,2007,0150,VO-2007-000048,Natural,Geophysical,Volcanic activity,Ash fall,,Nevado del Huila,Colombia,COL,South America,Americas,"Tierradentro town (Inza district, Cauca province), Paez Belalcázar, Avirama, Cohetando, Toez, Vitonco, Yosayo, Mosoco, San Jose, Lame, Suin, Chinas, Buco towns (Paez district, Cauca province), Caloto district (Cauca province) La Plata, Paicol, Iquira, Teruel, Tesalia and Nataga districts (Huila province)",,"Slide (land, mud, snow, rock)",,,,,,,,2.93,-76.03,,,2007,4,18,2007,4,18,,,3000,,3000,,,,,,,70.848792703253,2,,13726;13733;13742;13986;13989;13990;13993;14005;14006,"Caloto, Inza, Iquira, La Plata, Nataga, Paez, Paicol, Teruel, Tesalia (Adm2). "
2007-0162-COL,2007,0162,,Natural,Hydrological,Flood,Riverine flood,,,Colombia,COL,South America,Americas,"Cordoba, Bolivar, Sucre, Choco, Guajira, Atlantico, Antioquia, Magdalena provinces",Heavy rain,"Slide (land, mud, snow, rock)",,,,Yes,,69990,Km2,8.38,-75.59,,"Sinu, San Jorge",2007,3,6,2007,9,30,146,173,1504144,,1504317,,,,,,,70.848792703253,1,935;937;938;946;947;950;953;962,,"Antioquia, Atlantico, Bolivar, Choco, Cordoba, Guajira, Magdalena, Sucre (Adm1). "
2007-0176-COL,2007,0176,FF-2007-000071,Natural,Hydrological,Flood,Riverine flood,,,Colombia,COL,South America,Americas,"Taraza, Valdivia, Nechi, Zaragoza districts (Antioquia province), Guaranda district (Sucre province), Inza, Popayan districts (Cauca province)",Heavy rain,"Slide (land, mud, snow, rock)",,,,,3800,29770,Km2,7.38,-75.43,,"Tarza, Nechi, Cauca",2007,5,19,2007,6,12,13,,3000,,3000,,,,,,,70.848792703253,2,,13413;13449;13457;13466;13733;13745;14299,"Guaranda, Inza, Nechi, Popayan, Taraza, Valdivia, Zaragoza (Adm2). "
2007-0191-COL,2007,0191,,Natural,Hydrological,Flood,Riverine flood,,,Colombia,COL,South America,Americas,Ibague district (Tolima province),Heavy rain,"Slide (land, mud, snow, rock)",,,,,,1940,Km2,4.5,-75.21,,Conbeima,2007,4,26,2007,5,1,24,35,,2000,2035,,,,,,,70.848792703253,2,,14339,Ibague (Adm2). 
2007-0433-COL,2007,0433,,Natural,Geophysical,Earthquake,Ground movement,,,Colombia,COL,South America,Americas,"El Charco, El Charco (is.), Mosquera, La Tola districts (Narino department)",,,,,,,,7,Richter,2.966,-77.963,,,2007,9,10,2007,9,10,,5,170,,175,,,,,,,70.848792703253,2,,14075;14076;14091;14098,"El Charco, El Charco (is.), La Tola, Mosquera (Adm2). "
2007-0529-COL,2007,0529,,Natural,Hydrological,Flood,Riverine flood,,,Colombia,COL,South America,Americas,"Antioquia, Risaralda, Cundinamarca, Guaviare, Sucre, Bolivar, Cordoba, Valle del Cauca, Choco, Magdalena , Guajira, Caldas, Atlantico, Cesar, Norte de Santander, Santander, Boyaca, Arauca, Casanare, Quindio, Tolima, Huila, Cauca, Narino, Caqueta, Meta, Amazonas, Putumayo provinces","La Nina, heavy rain",,,,,,1900,189700,Km2,7.89,-74.91,,,2007,10,20,2007,10,26,35,52,1162083,,1162135,,,,,,,70.848792703253,1,934;935;936;937;938;939;941;942;943;944;945;946;947;948;950;951;952;953;954;955;956;957;958;959;961;962;963;964,,"Amazonas, Antioquia, Arauca, Atlantico, Bolivar, Boyaca, Caldas, Caqueta, Casanare, Cauca, Cesar, Choco, Cordoba, Cundinamarca, Guajira, Guaviare, Huila, Magdalena, Meta, Narino, Norte De Santander, Putumayo, Quindio, Risaralda, Santander, Sucre, Tolima, Valle Del Cauca (Adm1). "
2008-0649-COL,2008,0649,,Natural,Geophysical,Earthquake,Ground movement,,,Colombia,COL,South America,Americas,"Quetame district (Cundinamarca province), Meta province",,"Slide (land, mud, snow, rock)",,,,,,6,Richter,4.33,-73.764,,,2008,5,24,2008,5,24,11,54,,1700,1754,,,,,10000,13593,73.5687455355046,1;2,954,13906,Meta (Adm1). Quetame (Adm2). 
2008-0546-COL,2008,0546,VO-2008-000046,Natural,Geophysical,Volcanic activity,Ash fall,,Nevado del Huila,Colombia,COL,South America,Americas,"Paez Belalcázar, Toez, Avirama, Togoima, Cohetango, Talaga, Wila, Los Guadalupes, El Jardin, Bello Horizonte, Las Americas, Avenida Santaander, El Centro, San Fernando, La Primavera, Panamericano, Villa del Norte, El Salado, Hoez, Ricaurte, Pickwe Tha Fim (Paez district, Cauca Province), Inza district (Cauca Province),Tesalia, Nataga, Paicol, La Plata (Huila department) ",,"Slide (land, mud, snow, rock)",,,,,,,,2.93,-76.03,21:45,,2008,11,20,2008,11,20,16,7,8000,,8007,,,,,,,73.5687455355046,2,,13733;13742;13989;13990;13993;14006,"Inza, La Plata, Nataga, Paez, Paicol, Tesalia (Adm2). "
2008-0121-COL,2008,0121,,Natural,Hydrological,Flood,Riverine flood,,,Colombia,COL,South America,Americas,"Campo Alegre, Santa Maria districts (Huila province)",Heavy rain,"Slide (land, mud, snow, rock)",,,,,,,Km2,2.68,-75.42,,,2008,3,11,2008,3,14,11,,,,,,,,,,,73.5687455355046,2,,13979;14001,"Campo Alegre, Santa Maria (Adm2). "
2008-0538-COL,2008,0538,,Natural,Geophysical,Mass movement (dry),Landslide,,,Colombia,COL,South America,Americas,Medellin district (Antioquia province),,,,,,,,,,,,,,2008,11,16,2008,11,16,12,,,,,,,,,,,73.5687455355046,2,,13408,Medellin (Adm2). 
2008-0027-COL,2008,0027,VO-2008-000009,Natural,Geophysical,Volcanic activity,Ash fall,,Mount Galeras,Colombia,COL,South America,Americas,"Genoy town (Pasto distrit, Nariño Province), Sandona, Yacuanquer, Consaca districts (Nariño Province)",,,,,,,,,,,,20:06,,2008,1,17,2008,1,17,,,150,,150,,,,,,,73.5687455355046,2,,14069;14102;14115;14124,"Consaca, Pasto, Sandona, Yacuanquer (Adm2). "
2008-0164-COL,2008,0164,VO-2008-000046,Natural,Geophysical,Volcanic activity,Ash fall,,Nevado del Huila,Colombia,COL,South America,Americas,"Miranda, Toribio, Paez, Inza districts (Cauca province), Iquira, Santa Maria, Palermo, Teruel, La Plata, Paicol, Tesalia, Nataga districts (Huila province), Rioblanco, Planadas districts (Tolima province)",,,,,,,,,,,,,,2008,4,14,2008,4,14,,,14201,,14201,,,,,,,73.5687455355046,2,,13733;13739;13742;13758;13986;13989;13990;13993;13994;14001;14005;14006;14349;14352,"Inza, Iquira, La Plata, Miranda, Nataga, Paez, Paicol, Palermo, Planadas, Rioblanco, Santa Maria, Teruel, Tesalia, Toribio (Adm2). "
2008-0559-COL,2008,0559,,Natural,Hydrological,Flood,Riverine flood,,,Colombia,COL,South America,Americas,"Magdalena, Antioquia, Bolivar, Choco, Sucre, Cordoba, Huila, Tolima, Valle del Cauca, Caqueta, Putumayo, San Andres and Providencia, Atlantico, Santander, Cauca, Cundinamarca, Boyaca, Arauca, Norte de Santander, Cesar, La Guajira, Caldas, Risaralda, Narino, Meta, Casanare provinces",Heavy rains,,,Yes,,,3590,195400,Km2,9,-74.23,,Magdalena river,2008,9,15,2009,1,12,76,91,1200000,,1200091,,,,,,,73.5687455355046,1,935;936;937;938;939;941;942;943;944;945;946;947;948;950;952;953;954;955;956;957;959;960;961;962;963;964,,"Antioquia, Arauca, Atlantico, Bolivar, Boyaca, Caldas, Caqueta, Casanare, Cauca, Cesar, Choco, Cordoba, Cundinamarca, Guajira, Huila, Magdalena, Meta, Narino, Norte De Santander, Putumayo, Risaralda, San Andres Y Providencia, Santander, Sucre, Tolima, Valle Del Cauca (Adm1). "
2008-0218-COL,2008,0218,,Natural,Hydrological,Landslide,Landslide,,,Colombia,COL,South America,Americas,Medellin district (Antioquia province),Heavy rains,,,,,,,,,,,,,2008,5,31,2008,5,31,27,16,,,16,,,,,,,73.5687455355046,2,,13408,Medellin (Adm2). 
2009-0035-COL,2009,0035,FL-2009-000052,Natural,Hydrological,Flood,Riverine flood,,,Colombia,COL,South America,Americas,"Tumaco isl., Tumaco, Linares, Barbacoas, Mallama, Ipiales, Ricaurte, Roberto Payan , El Rosario, Magui, Los Andes districts (Narino province) , Antioquia, Santander, Cauca, Tolima provinces",Heavy rains,"Slide (land, mud, snow, rock)",,Yes,,Yes,,72650,Km2,4.36,-76.51,,"Mira, Telembi",2009,2,15,2009,2,17,23,,31250,,31250,,,,,,,73.3071767219387,1;2,935;944;961;963,14064;14077;14087;14094;14095;14096;14097;14108;14109;14121;14122,"Antioquia, Cauca, Santander, Tolima (Adm1). Barbacoas, El Rosario, Ipiales, Linares, Los Andes, Magui, Mallama, Ricaurte, Roberto Payan, Tumaco, Tumaco (is.) (Adm2). "
2009-0096-COL,2009,0096,,Natural,Hydrological,Landslide,Landslide,,,Colombia,COL,South America,Americas,"Altos de Cazuca (Soacha district, Cundinamarca province)",,,,,,,,,,,,,,2009,2,7,2009,2,7,,,,593,593,,,,,,,73.3071767219387,2,,13920,Soacha (Adm2). 
2009-0637-COL,2009,0637,,Natural,Hydrological,Landslide,Landslide,,,Colombia,COL,South America,Americas,Novita district (Choco province),Heavy rains,,,,,,,,,,,,,2009,7,23,2009,7,23,30,7,,,7,,,,,,,73.3071767219387,2,,13800,Novita (Adm2). 
2010-0168-COL,2010,0168,FL-2010-000076,Natural,Hydrological,Flood,Riverine flood,,,Colombia,COL,South America,Americas,"Sucre, Bolivar, Cordoba, Antioquia, Atlantico, Narino, Valle del Cauca, Magdalena, Caqueta, Cesar, Cauca, Boyaca, Cundinamarca, Santander, Choco, Caldas, Guajira, Tolima, Huila, Risaralda, Meta, Putumayo, Quindio, Arauca, Casanare, Amazonas, Guaviare provinces","Heavy rains, La Nina",,,,Yes,Yes,,1140146,Km2,4.113,-72.96,,"Cauca, San Jorge",2010,4,6,2011,3,7,418,463,2791536,,2791999,,,14000,18790,1000000,1342112,74.5094440781961,1,934;935;936;937;938;939;940;941;942;943;944;945;946;947;948;950;951;952;953;954;955;956;957;958;959;960;961;962;963;964,,"Amazonas, Antioquia, Arauca, Atlantico, Bolivar, Boyaca, Buenaventura, Caldas, Caqueta, Casanare, Cauca, Cesar, Choco, Cordoba, Cundinamarca, Guajira, Guaviare, Huila, Magdalena, Meta, Narino, Norte De Santander, Putumayo, Quindio, Risaralda, San Andres Y Providencia, Santander, Sucre, Tolima, Valle Del Cauca (Adm1). "
2010-0401-COL,2010,0401,,Natural,Hydrological,Flood,Riverine flood,,,Colombia,COL,South America,Americas,"Paraguachon, La Majayura, Carraipia cities (Maicao district, Guajira province)",Heavy rains,,,,,,,,Km2,,,,,2010,8,9,2010,8,13,,,800,,800,,,,,,,74.5094440781961,2,,13962,Maicao (Adm2). 
2010-0430-COL,2010,0430,,Natural,Hydrological,Flood,Riverine flood,,,Colombia,COL,South America,Americas,"Magui Payan municipality (Magui district, Nariño province)",,,,,,,,,Km2,,,,Rio Magui,2010,7,1,2010,7,12,,,3761,,3761,,,,,,,74.5094440781961,2,,14096,Magui (Adm2). 
2010-0502-COL,2010,0502,,Natural,Hydrological,Landslide,Landslide,,,Colombia,COL,South America,Americas,Giraldo district (Antioquia province),,,,,,,,,,,,,,2010,9,27,2010,9,27,30,,,,,,,,,,,74.5094440781961,2,,13389,Giraldo (Adm2). 
2010-0625-COL,2010,0625,,Natural,Hydrological,Landslide,Landslide,,,Colombia,COL,South America,Americas,"Bello town (Medellin district, Antioquia province)",Heavy rains,,,,,,,,,,,,,2010,12,5,2010,12,5,145,,,,,,,,,,,74.5094440781961,2,,13408,Medellin (Adm2). 
2010-0289-COL,2010,0289,,Natural,Climatological,Wildfire,,,,Colombia,COL,South America,Americas,"Antioquia, Arauca, Bolivar, Boyaca, Caldas, Caqueta, Casanare, Cauca, Cesar, Cordoba, Cundinamarca, Guainia, Guajira, Guaviare, Huila, Magdalena, Meta, Narino, Norte De Santander, Putumayo, Quindio, Risaralda, Santander, Sucre, Tolima, Valle Del Cauca, Vichada provinces",Dry conditions,,,Yes,,,,,Km2,,,,,2010,1,,2010,4,6,31,,200,,200,,,,,,,74.5094440781961,1,935;936;938;939;941;942;943;944;945;947;948;949;950;951;952;953;954;955;956;957;958;959;961;962;963;964;966,,"Antioquia, Arauca, Bolivar, Boyaca, Caldas, Caqueta, Casanare, Cauca, Cesar, Cordoba, Cundinamarca, Guainia, Guajira, Guaviare, Huila, Magdalena, Meta, Narino, Norte De Santander, Putumayo, Quindio, Risaralda, Santander, Sucre, Tolima, Valle Del Cauca, Vichada (Adm1). "
2011-0132-COL,2011,0132,,Natural,Hydrological,Flood,Riverine flood,,,Colombia,COL,South America,Americas,"Antioquia, Santander, Bolivar, Magdalena, Sucre, Atlantico, La Guajira, Cesar, Cordoba, Choco, Risaralda, Caldas, Norte de Santander, Arauca, Boyaca, Casanare, Cundinamarca, Quindio, Valle Del Cauca, Tolima, Huila, Cauca, Narino, Putumayo, Caqueta, Meta, Guainia, Guaviare, Amazonas","Heavy rains, La Nina","Slide (land, mud, snow, rock)",,Yes,,Yes,1590,236086,Km2,5.69,-74.15,,,2011,4,,2011,7,,138,158,988441,,988599,,,41000,53343,1030000,1340071,76.8615953778198,1,934;935;936;937;938;939;940;941;942;943;944;945;946;947;948;949;950;951;952;953;954;955;956;957;958;959;960;961;962;963;964,,"Amazonas, Antioquia, Arauca, Atlantico, Bolivar, Boyaca, Buenaventura, Caldas, Caqueta, Casanare, Cauca, Cesar, Choco, Cordoba, Cundinamarca, Guainia, Guajira, Guaviare, Huila, Magdalena, Meta, Narino, Norte De Santander, Putumayo, Quindio, Risaralda, San Andres Y Providencia, Santander, Sucre, Tolima, Valle Del Cauca (Adm1). "
2011-0386-COL,2011,0386,TC-2011-000157,Natural,Hydrological,Flood,Riverine flood,,,Colombia,COL,South America,Americas,"Valle del Cauca, Norte de Santander, Santander, Antioquia, Boyaca, Caldas, Casanare, Choco, Tolima, Quindio, Huila, Cauca, Meta, Magdalena, Sucre, Cesar, Cordoba, Risaralda, Atlantico, Guajira, Bolivar, Cundinamarca, Narino, Caqueta, San Andres y Providencia, Putumayo, Guaviare provinces",,"Slide (land, mud, snow, rock)",,,,,,57194,Km2,4.64,-73.94,,,2011,9,1,2011,12,29,135,104,498820,,498924,,,,,1290000,1678341,76.8615953778198,1,935;937;938;939;941;942;943;944;945;946;947;948;950;951;952;953;954;955;956;957;958;959;960;961;962;963;964,,"Antioquia, Atlantico, Bolivar, Boyaca, Caldas, Caqueta, Casanare, Cauca, Cesar, Choco, Cordoba, Cundinamarca, Guajira, Guaviare, Huila, Magdalena, Meta, Narino, Norte De Santander, Putumayo, Quindio, Risaralda, San Andres Y Providencia, Santander, Sucre, Tolima, Valle Del Cauca (Adm1). "
2011-0431-COL,2011,0431,,Natural,Hydrological,Landslide,Landslide,,,Colombia,COL,South America,Americas,Manizales district (Caldas province),Heavy rains,,,,,,,,,,,,,2011,11,4,2011,11,5,40,,175,,175,,,,,,,76.8615953778198,2,,13668,Manizales (Adm2). 
2012-0187-COL,2012,0187,,Natural,Hydrological,Flood,Riverine flood,,,Colombia,COL,South America,Americas,Soacha district (Cundinamarca province),Heavy rains,,,,,,,74036,Km2,3.606,-73.07,,,2012,4,20,2012,4,26,17,,56000,,56000,,,,,40000,50987,78.4521138829003,2,,13920,Soacha (Adm2). 
2012-0238-COL,2012,0238,,Natural,Hydrological,Flood,Riverine flood,,,Colombia,COL,South America,Americas,"Casanare, Amazonas, Valle del Cauca, Narino, Bocaya, Putumayo, Huila, Sucre, Cordoba, Santander, Cundimarca, Cauca, Choco provinces",,,,,,,,,Km2,,,,,2012,3,15,2012,5,14,48,,,8000,8000,,,,,62000,79029,78.4521138829003,1,934;939;943;944;946;947;948;952;955;957;961;962;964,,"Amazonas, Boyaca, Casanare, Cauca, Choco, Cordoba, Cundinamarca, Huila, Narino, Putumayo, Santander, Sucre, Valle Del Cauca (Adm1). "
2012-0457-COL,2012,0457,,Natural,Hydrological,Flood,Riverine flood,,,Colombia,COL,South America,Americas,"Villa del Prado town (Isnos district, Huila province)",,,,,,,,,Km2,,,,,2012,10,5,2012,10,19,12,18,17500,,17518,,,,,,,78.4521138829003,2,,13987,Isnos (Adm2). 
2012-0094-COL,2012,0094,,Natural,Biological,Epidemic,Viral disease,,Dengue,Colombia,COL,South America,Americas,,,,,,No,No,,,Vaccinated,,,,,2012,4,,2012,6,,,,23235,,23235,,,,,,,78.4521138829003,,,,
2013-0513-COL,2013,0513,,Natural,Hydrological,Flood,Riverine flood,,,Colombia,COL,South America,Americas,"Boyaca, Caldas, Cundinamarca, Huila, Quindio, Risaralda, Choco, Valle del Cauca, Magdalena, Bolivar, Antioquia, Atlantico, Cauca provinces",,"Slide (land, mud, snow, rock)",Storm,,,,,,Km2,,,,,2013,9,15,2013,12,1,7,,51781,,51781,,,,,2000,2513,79.6013094233451,1,935;937;938;939;941;944;946;948;952;953;958;959;964,,"Antioquia, Atlantico, Bolivar, Boyaca, Caldas, Cauca, Choco, Cundinamarca, Huila, Magdalena, Quindio, Risaralda, Valle Del Cauca (Adm1). "
2013-0058-COL,2013,0058,,Natural,Geophysical,Earthquake,Ground movement,,,Colombia,COL,South America,Americas,"Narino, Cauca, Risaralda, Quindio,Valle Del Cauca provinces",,,,,,,,7,Richter,1.135,-77.393,09:16,,2013,2,9,2013,2,9,,15,9500,500,10015,,,,,4000,5025,79.6013094233451,1,944;955;958;959;964,,"Cauca, Narino, Quindio, Risaralda, Valle Del Cauca (Adm1). "
2013-0500-COL,2013,0500,EP-2013-000127,Natural,Biological,Epidemic,Viral disease,,Dengue,Colombia,COL,South America,Americas,"valle de Cauca, Tolima, Santander, Cesar, meta, England, Norte de santander, Atlantic, Bolivar, Cordoba, Putumayo, Barrranquilla, Casanare, Huila, Magdalena, Sucre, Arauca, Quindiio, Vaupes, Vichada, Boyaca, Caqueta, Caldas, La Guajira",,,,,No,No,,,Vaccinated,,,,,2013,7,,2013,10,,91,,1171,,1171,,,,,,,79.6013094233451,,,,
2014-0019-COL,2014,0019,,Natural,Hydrological,Flood,Riverine flood,,,Colombia,COL,South America,Americas,"Tandandao, Santa Rosa, Sanandocito, Marqueza, Teatino, Canaveral, Chambacu, San Augustin, Brisas, Charco Hondo, Barranconcito, Loma de CHupey, Barrancon, Charco Largo cities (Sipi district, Choco province)",Maybe linked to an earthquake,Broken Dam/Burst bank,,,,,,,Km2,,,,"San Augustin, Garrapatas rivers",2014,1,6,2014,1,6,,,8978,,8978,,,,,,,80.8926237222027,2,,13805,Sipi (Adm2). 
2014-0378-COL,2014,0378,,Natural,Meteorological,Storm,Convective storm,Lightning/Thunderstorms,,Colombia,COL,South America,Americas,Santa Marta (dist. Esp.) district (Magdalena province),,,,,,,,,Kph,,,,,2014,10,6,2014,10,6,11,18,,,18,,,,,,,80.8926237222027,2,,14028,Santa Marta (dist. Esp.) (Adm2). 
2014-0430-COL,2014,0430,,Natural,Hydrological,Flood,Riverine flood,,,Colombia,COL,South America,Americas,"Cauca, Caqueta, Choco, Magdalena, Caldas provinces",Rainy season,,,,,,,,Km2,,,,,2014,3,15,2014,5,15,33,,41151,,41151,,,,,,,80.8926237222027,1,941;942;944;946;953,,"Caldas, Caqueta, Cauca, Choco, Magdalena (Adm1). "
2014-0431-COL,2014,0431,,Natural,Hydrological,Flood,Riverine flood,,,Colombia,COL,South America,Americas,"Sibundoy, Colon, Santiago, San Francisco districts (Putumayo province)",,,,,,,,,Km2,,,,,2014,6,14,2014,6,14,,,4085,,4085,,,,,,,80.8926237222027,2,,14165;14172;14173;14174,"Colon, San Francisco, Santiago, Sibundoy (Adm2). "
2014-0505-COL,2014,0505,FL-2014-000163,Natural,Hydrological,Flood,Riverine flood,,,Colombia,COL,South America,Americas,Choco province,Heavy rains,,,,,,,406009,Km2,,,,,2014,11,1,2014,12,20,44,,18000,,18000,,,,,8000,9890,80.8926237222027,1,946,,Choco (Adm1). 
2015-0086-COL,2015,0086,,Natural,Geophysical,Earthquake,Ground movement,,,Colombia,COL,South America,Americas,"Santafe de Bogota D.c. district (Cundinamarca province), Cali district (Valle del Cauca province); Bucaramanga, Betulia districts (Santander Province)",,"Slide (land, mud, snow, rock)",,,,,,6,Richter,6.7757,-72.9875,,,2015,3,10,2015,3,10,,1,40835,400,41236,,,,,,,80.9885789905908,2,,13914;14212;14214;14374,"Betulia, Bucaramanga, Cali, Santafe De Bogota D.c. (Adm2). "
2015-9372-COL,2015,9372,,Natural,Climatological,Drought,Drought,,,Colombia,COL,South America,Americas,"Caldas, Tolima, Quindio, Huila, Boyaca, Valle Del Cauca, Santander, Narino, Caqueta, Risaralda, Guajira, Atlantico, Magdalena, Bolivar, Arauca, Casanare provinces",El Nino,Wildfire,,,,,,,Km2,,,,,2015,10,,2016,2,,,,,,,,,,,,,80.9885789905908,1,936;937;938;939;941;942;943;950;952;953;955;958;959;961;963;964,,"Arauca, Atlantico, Bolivar, Boyaca, Caldas, Caqueta, Casanare, Guajira, Huila, Magdalena, Narino, Quindio, Risaralda, Santander, Tolima, Valle Del Cauca (Adm1). "
2015-0171-COL,2015,0171,FL-2015-000056,Natural,Hydrological,Landslide,Landslide,,,Colombia,COL,South America,Americas,"Salgar city (Antioquia), Amazonas province",Heavy rains,Flood,,,,,,,,5.70693,-74.5,,Liboriana river,2015,5,17,2015,5,18,93,48,,300,348,,,,,,,80.9885789905908,1;2,934,13428,Amazonas (Adm1). Salgar (Adm2). 
2015-0325-COL,2015,0325,,Natural,Hydrological,Flood,Riverine flood,,,Colombia,COL,South America,Americas,"San Miguel, Puerto Asis, V/Guamuez",,,,,,,,,Km2,,,,,2015,7,22,2015,8,6,,,8105,,8105,,,,,,,80.9885789905908,2,,14168;14175,"Puerto Asis, Valle Del Guamuez (la Hor (Adm2). "
2016-0522-COL,2016,0522,,Natural,Hydrological,Flood,,,,Colombia,COL,South America,Americas,Cali city (Siloé district),,"Slide (land, mud, snow, rock)",,,,,,,Km2,,,,Cali river,2016,11,26,2016,12,5,6,,,72,72,,,,,,,82.010330903136,2,,14374,Cali (Adm2). 
2016-0533-COL,2016,0533,,Natural,Hydrological,Flood,Riverine flood,,,Colombia,COL,South America,Americas,Choco department,,,,,,,,,Km2,,,,San Juan River and Condoto rivers,2016,10,18,2016,10,22,4,,,2200,2200,,,,,,,82.010330903136,1,946,,Choco (Adm1). 
2016-0518-COL,2016,0518,,Natural,Biological,Epidemic,Viral disease,,Yellow fever,Colombia,COL,South America,Americas,"Antioquia, Amazonas, Guainía, Meta, Vaupés, Vichada, Cordoba, Santa Marta departments",,,,,,,,,Vaccinated,,,,,2016,,,2017,1,10,,12,,,12,,,,,,,82.010330903136,1,934;935;947;949;954;965;966,,"Amazonas, Antioquia, Cordoba, Guainia, Meta, Vaupes, Vichada (Adm1). "
2017-0215-COL,2017,0215,,Natural,Hydrological,Flood,Riverine flood,,,Colombia,COL,South America,Americas,"Antioquia, Cundinamarca, Cauca, Valle del Cauca, Nariño, Santander, Chocó, Caldas, Putumayo, César, Risaralda",,"Slide (land, mud, snow, rock)",Storm,,,,,,Km2,,,,,2017,3,17,2017,3,27,12,,3000,,3000,,,,,2000,2388,83.7572545519631,1,935;941;944;945;946;948;955;957;959;961;964,,"Antioquia, Caldas, Cauca, Cesar, Choco, Cundinamarca, Narino, Putumayo, Risaralda, Santander, Valle Del Cauca (Adm1). "
2017-0478-COL,2017,0478,,Natural,Hydrological,Flood,,,,Colombia,COL,South America,Americas,Corinto (Cauca),Heavy rains,"Slide (land, mud, snow, rock)",,,,,,,Km2,,,,La Paila river,2017,11,9,2017,11,9,22,30,51,111,192,,,,,,,83.7572545519631,2,,13727,Corinto (Adm2). 
2017-0410-COL,2017,0410,TC-2017-000148,Natural,Meteorological,Storm,Tropical cyclone,,Tropical depression'16/Hurricane 'Nate',Colombia,COL,South America,Americas,"San Andres, Providencia and Santa Catalina",,Flood,,,,,,,Kph,,,,,2017,10,4,2017,10,4,,,,,,,,,,,,83.7572545519631,2,,14203;14204;14205,"San Andres Y Providencia, Santa Catalina, Santa Catarina (Adm2). "
2017-0119-COL,2017,0119,,Natural,Hydrological,Landslide,Landslide,,,Colombia,COL,South America,Americas,Manizales (Caldes),Torrential rains,,,,,,,,,,,,,2017,4,17,2017,4,21,20,23,489,,512,,,,,2000,2388,83.7572545519631,2,,13668,Manizales (Adm2). 
2017-0090-COL,2017,0090,MS-2017-000033,Natural,Hydrological,Landslide,Mudslide,,,Colombia,COL,South America,Americas,"San Fernando, San Miguel, Independencia, Chaparros, San Agustín, Naranjito,Pablo VI, Avenida 17 de Julio, Miraflores, Progres (Mocoa); Putumayo Department",Torrential rain,,,Yes,,Yes,,,,,,,"Mocoa, Sangoyaco, Mulato rivers",2017,3,31,2017,4,1,329,360,45000,,45360,,,,,100000,119393,83.7572545519631,2,,14166,Mocoa (Adm2). 
2017-0223-COL,2017,0223,,Natural,Hydrological,Flood,,,,Colombia,COL,South America,Americas,"Cundinamarca (Guacheta), Huila (Rivera), Antioquia (Medellin, Itagui, Aburra Valley) departments",Heavy rains,,,,,,,128597,Km2,3.723,-72.674,,"Amuladero, Frio and Neiva rivers",2017,2,23,2017,3,3,1,,2000,,2000,,,,,,,83.7572545519631,2,,13398;13408;13872;13998,"Guacheta, Itagui, Medellin, Rivera (Adm2). "
2017-0225-COL,2017,0225,,Natural,Hydrological,Flood,,,,Colombia,COL,South America,Americas,"Nariño Department (Olaya Herrera, Arboleda, Barbacoas, Roberto Payán, Magui Payán, Policarpa, Santa Bárbara de Iscuandé, Tumaco)",Heavy rains,,,,,,,117321,Km2,1.691,-76.286,,"Sanquianga, Quebrada Las Palmas, Telembí, Iscuandé, Mira",2017,1,5,2017,2,7,,,25646,15,25661,,,,,,,83.7572545519631,2,,14063;14064;14096;14100;14103;14109;14116;14121,"Arboleda, Barbacoas, Magui, Olaya Herrera, Policarpa, Roberto Payan, Santa Barbara, Tumaco (Adm2). "
2018-0396-COL,2018,0396,,Natural,Hydrological,Flood,,,,Colombia,COL,South America,Americas,"La Guajira, Caldas departments",,"Slide (land, mud, snow, rock)",,,,,,,Km2,,,,,2018,10,1,2018,10,17,12,,60000,,60000,,,,,,,85.8030260572654,1,941;950,,"Caldas, Guajira (Adm1). "
2018-0131-COL,2018,0131,,Natural,Hydrological,Flood,,,,Colombia,COL,South America,Americas,"Norte de Santander, Cundinamarca, Choco, Narino, Tolima, Santander, Antioquia, Boyaca, Valle del Cauca",Heavy rains,Storm,,,,,,,Km2,,,,,2018,3,12,2018,4,17,14,,,,,,,,,,,85.8030260572654,1,935;939;946;948;955;956;961;963;964,,"Antioquia, Boyaca, Choco, Cundinamarca, Narino, Norte De Santander, Santander, Tolima, Valle Del Cauca (Adm1). "
2019-0159-COL,2019,0159,,Natural,Hydrological,Flood,,,,Colombia,COL,South America,Americas,"Antioquia, Nariño, Cauca, Cundinamarca, Huila, Caldas, Caquetá",Heavy rains,"Slide (land, mud, snow, rock)",,,,,,,Km2,,,,,2019,4,7,2019,4,15,14,,1647,,1647,,,,,,,87.3580067738847,1,935;941;942;944;948;952;955,,"Antioquia, Caldas, Caqueta, Cauca, Cundinamarca, Huila, Narino (Adm1). "
2019-0075-COL,2019,0075,,Natural,Hydrological,Flood,,,,Colombia,COL,South America,Americas,"Condoto, Tadó, Cértegui, Andagoya, Río Iró e Istmina municipalities (Chocó department)",Heavy rains,,,,,,,,Km2,,,,"San Juan, Iró, Condoto, Cértegui , Quito rivers",2019,2,20,2019,2,26,,,9000,,9000,,,,,,,87.3580067738847,2,,13385;13792;13806,"Condoto, Entrerrios, Tado (Adm2). "
2019-0175-COL,2019,0175,,Natural,Hydrological,Landslide,,,,Colombia,COL,South America,Americas,Rosas (Cauca department) - Barbacoas municapility (Narino department),Heavy rains,,,,,,,,,,,,,2019,4,21,2019,4,21,32,,,,,,,,,,,87.3580067738847,2,,13748;14064,"Barbacoas, Rosas (Adm2). "
1923-0027-COL,1923,0027,,Natural,Geophysical,Earthquake,Ground movement,,,Colombia,COL,South America,Americas,Ipiales,,,,,,,,5,Richter,1,-77.5,05:31,,1923,12,14,1923,12,14,300,,,,,,,,,,,5.8349248693479,,,,
1936-0026-COL,1936,0026,,Natural,Geophysical,Earthquake,Ground movement,,,Colombia,COL,South America,Americas,,,,,,,,,7,Richter,1.1,-77.6,04:23,,1936,1,9,1936,1,9,,,,,,,,,,,,4.7522727939805,,,,
1936-0031-COL,1936,0031,,Natural,Geophysical,Earthquake,Ground movement,,,Colombia,COL,South America,Americas,Pasto,,,,,,,,,Richter,1.2,-77.3,,,1936,8,14,1936,8,14,18,,,,,,,,,,,4.7522727939805,,,,
1958-0047-COL,1958,0047,,Natural,Geophysical,Earthquake,Tsunami,,,Colombia,COL,South America,Americas,Colombia-Ecuador,,Tsunami/Tidal wave,,,,,,8,Richter,1.5,-79.5,09:07,,1958,1,19,1958,1,19,111,46,,,46,,,,,,,9.86087781901,,,,
1967-0137-COL,1967,0137,,Natural,Geophysical,Earthquake,Ground movement,,,Colombia,COL,South America,Americas,,,,,,,,,7,Richter,6.747,-73.032,11:24,,1967,7,29,1967,7,29,20,,,,,,,,,,,11.3985269797253,,,,
1974-0170-COL,1974,0170,,Natural,Geophysical,Earthquake,Ground movement,,,Colombia,COL,South America,Americas,"Bogota, Cali, Pereira",,,,,,,,7,Richter,7.747,-77.688,20:18,,1974,7,12,1974,7,12,11,,,,,,,,,,,16.8486291063234,,,,
2015-0621-COL,2015,0621,,Natural,Climatological,Wildfire,Forest fire,,,Colombia,COL,South America,Americas,"Nariño, Tolima, and Valle del Cauca departments","Drought, El Nino",,,Yes,,,,,Km2,,,,,2015,7,,2015,10,,11,,119000,,119000,,,,,,,80.9885789905908,1,955;963;964,,"Narino, Tolima, Valle Del Cauca (Adm1). "
2019-0455-COL,2019,0455,EP-2019-000105,Natural,Biological,Epidemic,Viral disease,,Dengue,Colombia,COL,South America,Americas,"Meta, Tolima, Huila, Santander, Norte de Santander, Casanare, Cesar, Antioquia,",,,,,,,,,Vaccinated,,,,,2019,1,,2019,8,31,169,79639,,,79639,,,,,,,87.3580067738847,,,,
2019-0595-COL,2019,0595,,Natural,Hydrological,Flood,,,,Colombia,COL,South America,Americas,Antioquia and Tolima Departments,,,,,,,,,Km2,,,,,2019,10,27,2019,11,17,20,,23035,215,23250,,,,,,,87.3580067738847,1,935;963,,"Antioquia, Tolima (Adm1). "
2019-0606-COL,2019,0606,,Natural,Hydrological,Flood,,,,Colombia,COL,South America,Americas,Nariño Department,Heavy rains,,,,,,,,Km2,,,,Telembí River,2019,12,6,2019,12,11,,,6000,,6000,,,,,,,87.3580067738847,1,955,,Narino (Adm1). 
2019-0653-COL,2019,0653,,Natural,Hydrological,Flood,,,,Colombia,COL,South America,Americas,Chaparral municipality (Tolima Department),Heavy rains,,,,,,,,Km2,,,,,2019,12,26,2019,12,26,18,,,,,,,,,,,87.3580067738847,2,,14327,Chaparral (Adm2). 
2020-0495-COL,2020,0495,TC-2020-000218,Natural,Meteorological,Storm,Tropical cyclone,,Hurricane 'Iota',Colombia,COL,South America,Americas,"San Andre, Providencia Islands (Caribbean Sea), Bolivar, Choco, Guajira, Santa Catalina, Sucre, Atlántico, Magdalena,La Guajira Departments ",,Flood,"Slide (land, mud, snow, rock)",,,,,,Kph,,,,,2020,11,14,2020,11,17,23,,228000,,228000,,,,,100000,113077,88.4356408059336,1,937;938;946;950;953;960;962,,"Atlantico, Bolivar, Choco, Guajira, Magdalena, San Andres Y Providencia, Sucre (Adm1). "
2020-0071-COL,2020,0071,,Natural,Hydrological,Flood,Flash flood,,,Colombia,COL,South America,Americas,Piedecuesta Municipality (Santander Department); Chinchina (Caldas Department),,"Slide (land, mud, snow, rock)",,,,,,,Km2,,,,,2020,2,26,2020,2,27,14,7,150,,157,,,,,,,88.4356408059336,2,,13664;14266,"Chinchina, Piedecuesta (Adm2). "
2020-0477-COL,2020,0477,,Natural,Hydrological,Flood,,,,Colombia,COL,South America,Americas,Santander department; El Retén and Fundación (Magdalena Department),Heavy rains,"Slide (land, mud, snow, rock)",,,,,,,Km2,,,,,2020,10,31,2020,11,2,,,26460,,26460,,,,,25000,28269,88.4356408059336,1;2,961,14010;14017,"Santander (Adm1). Aracataca, Fundacion (Adm2). "
2020-0488-COL,2020,0488,,Natural,Hydrological,Landslide,Landslide,,,Colombia,COL,South America,Americas,Puerto Valdivia municupality (Antioquia department),,Flood,,,,,,,,,,,,2020,11,23,2020,11,23,18,12,,,12,,,,,,,88.4356408059336,2,,13457,Valdivia (Adm2). 
2020-0474-COL,2020,0474,TC-2020-000218,Natural,Meteorological,Storm,Tropical cyclone,,Hurricane 'Eta',Colombia,COL,South America,Americas,"Magdalena, Bolivar, Atlantico",,,,,,,,,Kph,,,,,2020,11,2,2020,11,4,,,49800,,49800,,,,,25000,28269,88.4356408059336,1,937;938;953,,"Atlantico, Bolivar, Magdalena (Adm1). "
2020-0317-COL,2020,0317,,Natural,Hydrological,Flood,,,,Colombia,COL,South America,Americas,"Antioquia, Meta, Putumayo, Tolima, Choco, Caldas departments",Heavy rains,,,,,,,,Km2,,,,,2020,7,1,2020,7,15,11,,30000,,30000,,,,,10000,11308,88.4356408059336,1,935;941;946;954;957;963,,"Antioquia, Caldas, Choco, Meta, Putumayo, Tolima (Adm1). "
2021-0182-COL,2021,0182,,Natural,Hydrological,Flood,,,,Colombia,COL,South America,Americas,"Florencia City (Caquetá Department); Quípama Town (Boyacá Department), Bogotá",Heavy rains,"Slide (land, mud, snow, rock)",,,,,,,Km2,,,,,2021,4,1,2021,4,5,3,5,360,,365,,,,,,,92.5901929309929,2,,13608;13691;13914,"Florencia, Quipama, Santafe De Bogota D.c. (Adm2). "
2021-0214-COL,2021,0214,,Natural,Hydrological,Flood,,,,Colombia,COL,South America,Americas,El Tablon de Medina (Cundinamarca department); Villavicencio City (Meta Department),Heavy rains,"Slide (land, mud, snow, rock)",,,,Yes,,,Km2,,,,,2021,4,14,2021,4,14,,,1000,,1000,,,,,,,92.5901929309929,2,,13891;14058,"Medina, Villavicencio (Adm2). "
2021-0340-COL,2021,0340,,Natural,Hydrological,Flood,,,,Colombia,COL,South America,Americas,"San Luis, El Retiro, San Francisco, Campamento, Cocorná, Cisneros, Santo Domingo and Liborina Municipalities (Antioquia Department)",,"Slide (land, mud, snow, rock)",,,,,,,Km2,,,,,2021,6,4,2021,6,4,5,,150,,150,,,,,,,92.5901929309929,2,,13367;13376;13377;13405;13424;13431;13435;13443,"Campamento, Cisneros, Cocorna, Liborina, Retiro, San Francisco, San Luis, Santo Domingo (Adm2). "
2021-0638-COL,2021,0638,,Natural,Hydrological,Flood,,,,Colombia,COL,South America,Americas,"Antioquia, Norte de Santander, Bolívar, Cauca, Tolima, Córdoba, Madgalena, Sucre, Meta, Cundinamarca, Risaralda, Santanderes, Caldas departments",Heavy rains,"Slide (land, mud, snow, rock)",,,,,,,Km2,,,,,2021,9,15,2021,10,22,12,17,23700,,23717,,,,,,,92.5901929309929,1,935;938;941;944;947;948;953;954;956;959;961;962;963,,"Antioquia, Bolivar, Caldas, Cauca, Cordoba, Cundinamarca, Magdalena, Meta, Norte De Santander, Risaralda, Santander, Sucre, Tolima (Adm1). "
2021-0693-COL,2021,0693,,Natural,Hydrological,Flood,,,,Colombia,COL,South America,Americas,"Antioquia, Meta and Putumayo Departments ",Heavy rains; La Nina,"Slide (land, mud, snow, rock)",,,,,,,Km2,,,,,2021,10,26,2021,10,29,2,,850,,850,,,,,,,92.5901929309929,1,935;954;957,,"Antioquia, Meta, Putumayo (Adm1). "
2021-0219-COL,2021,0219,,Natural,Hydrological,Flood,Flash flood,,,Colombia,COL,South America,Americas,"El Carmen de Bolivar Municipality (Bolivar department); Valle Del Guamuez, Santiago, Orito municipalities (Putamayo Department)",Heavy rains,,,,,Yes,,,Km2,,,,Alférez River,2021,4,11,2021,4,16,,,3274,,3274,,,,,,,92.5901929309929,2,,13507;14167;14173;14175,"El Carmen De Bolivar, Orito, Santiago, Valle Del Guamuez (la Hor (Adm2). "
2021-0778-COL,2021,0778,,Natural,Hydrological,Flood,Flash flood,,,Colombia,COL,South America,Americas,El Santuario Municipality; Medellin city area (Antioquia Department),Heavy rains,,,,,,,,Km2,,,,,2021,11,30,2021,12,6,,1,300,,301,,,,,,,92.5901929309929,2,,13408;13444,"Medellin, Santuario (Adm2). "
2021-0229-COL,2021,0229,,Natural,Hydrological,Flood,Riverine flood,,,Colombia,COL,South America,Americas,Barbacoas Municipality (Nariño Department),Heavy rains,,,,,,,,Km2,,,,Telembí river,2021,4,27,2021,4,29,,,4800,,4800,,,,,,,92.5901929309929,2,,14064,Barbacoas (Adm2). 
2021-0625-COL,2021,0625,,Natural,Hydrological,Flood,Riverine flood,,,Colombia,COL,South America,Americas,Ibagué City (central Tolima Departement),,,,,,,,,Km2,,,,Combeima river,2021,9,22,2021,9,29,,,2000,,2000,,,,,,,92.5901929309929,1,963,,Tolima (Adm1). 
2021-0711-COL,2021,0711,,Natural,Hydrological,Landslide,Landslide,,,Colombia,COL,South America,Americas,Mallama Municipality (Narino Department),Heavy rains,,,,,,,,,,,,,2021,11,2,2021,11,2,20,10,,,10,,,,,,,92.5901929309929,2,,14097,Mallama (Adm2). 
2021-0774-COL,2021,0774,,Natural,Hydrological,Flood,,,,Colombia,COL,South America,Americas,Chocó Department,,,,,,Yes,,,Km2,,,,"Baudó, Oro Chocó, Pepé and Dubasa rivers",2021,11,19,2021,11,20,,,14000,,14000,,,,,,,92.5901929309929,1,946,,Choco (Adm1). 
2022-0109-COL,2022,0109,,Natural,Hydrological,Flood,,,,Colombia,COL,South America,Americas,"San Pablo, Los Andes, Santa Cruz, Túquerres. (Nariño Department)",Heavy rains,"Slide (land, mud, snow, rock)",,,,,,,Km2,,,,,2022,2,18,2022,2,22,1,,1650,,1650,,,,,11000,11000,100,2,,14095;14113;14117;14123,"Los Andes, San Pablo, Santa Cruz, Tuquerres (Adm2). "
2022-0073-COL,2022,0073,,Natural,Hydrological,Landslide,Landslide,,,Colombia,COL,South America,Americas,La Esnada District of Pereira City (Risaralda department),Heavy rains,,,,,,,,,,,,,2022,2,1,2022,2,8,19,34,9117,,9151,,,,,,,100,1,959,,Risaralda (Adm1). 
2022-0121-COL,2022,0121,,Natural,Hydrological,Landslide,Landslide,,,Colombia,COL,South America,Americas,"Urabá, Turbo, Apartadó, Chigorodó, Carepa, Mutatá, Murindó, Cocorná Municipality (Antioquia Department); Caldas and Chocó; Cauca, Cundinamarca, Chocó, Huila, Tolima, the Coffee Region, Nariño and Santander",Heavy rains,,,,,Yes,,,,,,,,2022,3,1,2022,3,15,22,21,21500,,21521,,,,,,,100,1;2,944;946;952;955;961;963,13352;13366;13371;13375;13377;13410;13411;13453,"Cauca, Choco, Huila, Narino, Santander, Tolima (Adm1). Apartado, Caldas, Carepa, Chigorodo, Cocorna, Murindo, Mutata, Turbo (Adm2). "
2022-0192-COL,2022,0192,,Natural,Hydrological,Flood,,,,Colombia,COL,South America,Americas,"Cundinamarca, Cauca, Antioquia, Huila, Nariño, Caldas, Quindío, Risaralda, Tolima, and Valle del Cauca",,"Slide (land, mud, snow, rock)",,,,,,,Km2,,,,,2022,3,15,2022,4,3,10,14,5500,,5514,,,,,,,100,1,935;941;944;948;952;955;958;959;963;964,,"Antioquia, Caldas, Cauca, Cundinamarca, Huila, Narino, Quindio, Risaralda, Tolima, Valle Del Cauca (Adm1). "
2022-0200-COL,2022,0200,,Natural,Hydrological,Flood,,,,Colombia,COL,South America,Americas,La Antigua village (Antioquia department),Torrential rains,"Slide (land, mud, snow, rock)",,,,,,,Km2,,,,,2022,4,7,2022,4,8,20,25,,,25,,,,,,,100,1,935,,Antioquia (Adm1). 
2022-0229-COL,2022,0229,,Natural,Hydrological,Flood,,,,Colombia,COL,South America,Americas,"Nariño department, Melgar Municipality (Tolima Department)",Heavy rains,"Slide (land, mud, snow, rock)",,,,,,,Km2,,,,,2022,4,,2022,4,21,5,1,8100,,8101,,,,,,,100,1;2,955,14344,Narino (Adm1). Melgar (Adm2). 
2022-0233-COL,2022,0233,,Natural,Hydrological,Flood,,,,Colombia,COL,South America,Americas,"Viotá, Chachipay, Arbeláez Municipalities (Cundimarca)",Heavy rains,"Slide (land, mud, snow, rock)",,,,,,,Km2,,,,,2022,4,21,2022,4,22,12,,,,,,,,,,,100,2,,13841;13846;13947,"Arbelaez, Cachipay, Viota (Adm2). "
2022-0328-COL,2022,0328,,Natural,Hydrological,Flood,,,,Colombia,COL,South America,Americas,Meta Department,Heavy rains,"Slide (land, mud, snow, rock)",,,,,,,Km2,,,,,2022,5,25,2022,5,27,,,5000,,5000,,,,,,,100,1,954,,Meta (Adm1). 
2022-0699-COL,2022,0699,,Natural,Hydrological,Flood,,,,Colombia,COL,South America,Americas,"Bosconia Municipality (Cesar Department); Montecristo, San Juan Municipalities (Bolivar Department); Bello Municipality (Antioquia Department); Norte de Santander, Nariño, Cauca, Tolima, Atlántico, Boyacá, Magdalena departments",Heavy rains,"Slide (land, mud, snow, rock)",,,,,,,Km2,,,,,2022,10,19,2022,10,31,26,,44000,,44000,,,,,,,100,1;2,937;939;944;953;955;956;963,13357;13515;13522;13763,"Atlantico, Boyaca, Cauca, Magdalena, Narino, Norte De Santander, Tolima (Adm1). Bello, Bosconia, Montecristo, San Juan Nepomuceno (Adm2). "
2022-0743-COL,2022,0743,,Natural,Hydrological,Flood,,,,Colombia,COL,South America,Americas,Bogotá area; North Santander department; La Calera municipality (Cundinamarca Department),Heavy rains,"Slide (land, mud, snow, rock)",,,,,,,Km2,,,,,2022,11,14,2022,11,15,7,,270,,270,,,,,,,100,1;2,956,13882,Norte De Santander (Adm1). La Calera (Adm2). 
2022-0684-COL,2022,0684,FL-2022-000264,Natural,Hydrological,Flood,,,,Colombia,COL,South America,Americas,"Guaranda, Majagual, Sucre-Sucre, Caimito, San Marcos, San Benito, La Union (La Mojana sub-region)",Heavy rains,Broken Dam/Burst bank,,,,,,,Km2,,,,,2022,8,27,2022,10,18,,,167250,,167250,,,,,,,100,2,,14294;14299;14302,"Caimito, Guaranda, Majagual (Adm2). "
2022-0728-COL,2022,0728,,Natural,Hydrological,Landslide,Landslide,,,Colombia,COL,South America,Americas,Piojó Municipality (Atlantico Department); Villa Paraiso; Cartajena,Heavy rains,,,,,,,,,,,,,2022,11,6,2022,11,9,,11,1755,252,2018,,,,,,,100,2,,13484;13503,"Cartagena (dist. Esp.), Piojo (Adm2). "
2022-0789-COL,2022,0789,,Natural,Hydrological,Landslide,Landslide,,,Colombia,COL,South America,Americas,Cabaña Sector (Risaralda Department),Heavy rains,,,,,,,,,,,,,2022,12,4,2022,12,4,34,6,,,6,,,,,,,100,1,959,,Risaralda (Adm1). 
2022-0647-COL,2022,0647,TC-2022-000343/FL-2022-000348,Natural,Meteorological,Storm,Tropical cyclone,,Hurricane 'Julia',Colombia,COL,South America,Americas,San Andrés and Providencia Archipelago,,,,,,,,,Kph,,,,,2022,10,9,2022,10,10,,2,5000,,5002,,,,,,,100,2,,13429,San Andres (Adm2). 
2023-0200-COL,2023,0200,,Natural,Hydrological,Flood,,,,Colombia,COL,South America,Americas,"Suarez, Caloto, La Vega, Jambaló and Santander de Quilichao muncipalities (Cauca)",Heavy rains,"Slide (land, mud, snow, rock)",,,,,,,Km2,,,,,2023,3,28,2023,3,31,1,,4500,,4500,,,,,,,,2,,13726;13734;13736;13751;13754,"Caloto, Jambalo, La Vega, Santander De Quilichao, Suarez (Adm2). "
2023-0451-COL,2023,0451,,Natural,Hydrological,Landslide,Landslide,,,Colombia,COL,South America,Americas,Quetame Municipality (Cundinamarca Department) ,Heavy rains,Collapse,,,,,,,,,,,,2023,7,18,2023,7,18,29,6,,100,106,,,,,,,,2,,13906,Quetame (Adm2). 
2023-0023-COL,2023,0023,,Natural,Hydrological,Flood,,,,Colombia,COL,South America,Americas,Medellín city (Antioquia Department); Conquistadores,Heavy rains and strong winds,Storm,,,,,,,Km2,,,,,2023,1,14,2023,1,14,2,23,15,,38,,,,,,,,2,,13408,Medellin (Adm2). 
2023-0007-COL,2023,0007,,Natural,Hydrological,Landslide,Landslide,,,Colombia,COL,South America,Americas,"Rosas, Cauca municipality",Heavy rains,,,,,,,,,,,,,2023,1,10,2023,1,10,,,700,,700,,,,,,,,2,,13748,Rosas (Adm2). 